,TAG,Count
0,GCCTCTGGTT,2
1,CCTCTGGTTG,2
2,CTCTGGTTGC,2
3,TCTGGTTGCG,2
4,CTGGTTGCGG,2
5,TGGTTGCGGA,2
6,GGTTGCGGAA,2
7,GTTGCGGAAT,2
8,TTGCGGAATA,2
9,TGCGGAATAC,2
10,GCGGAATACA,2
11,CGGAATACAA,2
12,GGAATACAAA,2
13,GAATACAAAT,2
14,AATACAAATT,2
15,ATACAAATTA,2
16,TACAAATTAT,2
17,ACAAATTATG,2
18,CAAATTATGC,2
19,AAATTATGCT,2
20,AATTATGCTT,2
21,ATTATGCTTC,2
22,TTATGCTTCC,27
23,TATGCTTCCG,26
24,ATGCTTCCGC,5
25,TGCTTCCGCC,24
26,GCTTCCGCCT,22
27,CTTCCGCCTT,22
28,TTCCGCCTTA,22
29,TCCGCCTTAT,23
30,CCGCCTTATG,23
31,CGCCTTATGC,23
32,GCCTTATGCT,25
33,CCTTATGCTT,25
34,CTTATGCTTC,25
35,ATGCTTCCGT,21
36,TGCTTCCGTA,7
37,GCTTCCGTAG,2
38,CTTCCGTAGA,2
39,TTCCGTAGAA,2
40,TCCGTAGAAA,2
41,CCGTAGAAAC,2
42,CGTAGAAACC,2
43,GTAGAAACCG,2
44,TAGAAACCGT,2
45,AGAAACCGTA,3
46,GAAACCGTAA,8
47,AAACCGTAAC,8
48,AACCGTAACC,8
49,ACCGTAACCC,8
50,CCGTAACCCT,8
51,CGTAACCCTA,8
52,GTAACCCTAC,8
53,TAACCCTACA,8
54,AACCCTACAA,8
55,ACCCTACAAG,8
56,CCCTACAAGG,8
57,CCTACAAGGC,8
58,CTACAAGGCT,3
59,TACAAGGCTG,3
60,ACAAGGCTGC,3
61,CAAGGCTGCT,3
62,AAGGCTGCTT,3
63,AGGCTGCTTG,3
64,GGCTGCTTGA,3
65,GCTGCTTGAT,3
66,CTGCTTGATG,6
67,TGCTTGATGA,6
68,GCTTGATGAT,6
69,CTTGATGATT,6
70,TTGATGATTG,8
71,TGATGATTGC,8
72,GATGATTGCG,8
73,ATGATTGCGG,8
74,TGATTGCGGA,8
75,GATTGCGGAG,3
76,ATTGCGGAGG,3
77,TTGCGGAGGA,3
78,TGCGGAGGAC,3
79,GCGGAGGACG,3
80,CGGAGGACGA,3
81,GGAGGACGAT,3
82,GAGGACGATG,3
83,AGGACGATGC,7
84,GGACGATGCT,7
85,GACGATGCTA,6
86,ACGATGCTAG,6
87,CGATGCTAGA,6
88,GATGCTAGAA,6
89,ATGCTAGAAA,5
90,TGCTAGAAAA,5
91,GCTAGAAAAA,5
92,CTAGAAAAAA,5
93,TAGAAAAAAC,5
94,AGAAAAAACC,6
95,GAAAAAACCA,6
96,AAAAAACCAA,6
97,AAAAACCAAG,6
98,AAAACCAAGC,6
99,AAACCAAGCA,6
100,AACCAAGCAG,6
101,ACCAAGCAGT,6
102,CCAAGCAGTT,6
103,CAAGCAGTTT,6
104,AAGCAGTTTG,6
105,AGCAGTTTGT,6
106,GCAGTTTGTG,6
107,CAGTTTGTGG,6
108,AGTTTGTGGA,6
109,GTTTGTGGAG,6
110,TTTGTGGAGA,6
111,TTGTGGAGAA,6
112,TGTGGAGAAT,6
113,GTGGAGAATG,6
114,TGGAGAATGT,6
115,GGAGAATGTG,6
116,GAGAATGTGA,6
117,AGAATGTGAC,6
118,GAATGTGACT,6
119,AATGTGACTG,6
120,ATGTGACTGT,6
121,TGTGACTGTG,6
122,GTGACTGTGG,6
123,TGACTGTGGA,6
124,GACTGTGGAC,6
125,ACTGTGGACT,6
126,CTGTGGACTA,6
127,TGTGGACTAT,6
128,GTGGACTATT,6
129,TGGACTATTT,6
130,GGACTATTTA,6
131,GACTATTTAC,6
132,ACTATTTACA,6
133,CTATTTACAA,6
134,TATTTACAAA,6
135,ATTTACAAAT,2
136,TTTACAAATA,2
137,TTACAAATAA,2
138,TACAAATAAT,2
139,ACAAATAATG,2
140,CAAATAATGT,2
141,AAATAATGTT,2
142,AATAATGTTC,2
143,ATAATGTTCC,2
144,TAATGTTCCG,8
145,AATGTTCCGT,8
146,ATGTTCCGTG,8
147,TGTTCCGTGC,8
148,GTTCCGTGCC,8
149,TTCCGTGCCT,8
150,TCCGTGCCTG,8
151,CCGTGCCTGC,6
152,CGTGCCTGCC,6
153,GTGCCTGCCG,4
154,TGCCTGCCGC,4
155,GCCTGCCGCC,4
156,CCTGCCGCCT,4
157,CTGCCGCCTC,4
158,TGCCGCCTCT,4
159,GCCGCCTCTG,4
160,CCGCCTCTGG,4
161,CGCCTCTGGT,5
162,GCCTCTGGTA,4
163,CCTCTGGTAT,4
164,CTCTGGTATG,4
165,TCTGGTATGC,4
166,CTGGTATGCT,4
167,TGGTATGCTT,4
168,GGTATGCTTC,4
169,GTATGCTTCC,4
170,TATGCTTCCC,4
171,ATGCTTCCCT,4
172,TGCTTCCCTG,4
173,GCTTCCCTGC,4
174,CTTCCCTGCT,3
175,TTCCCTGCTT,3
176,TCCCTGCTTG,3
177,CCCTGCTTGA,3
178,CCTGCTTGAT,3
179,GATTGCGGAA,5
180,ATTGCGGAAA,5
181,TTGCGGAAAC,5
182,TGCGGAAACC,5
183,GCGGAAACCG,5
184,CGGAAACCGT,5
185,GGAAACCGTA,5
186,CTACAAGGCA,5
187,TACAAGGCAG,5
188,ACAAGGCAGG,5
189,CAAGGCAGGA,5
190,AAGGCAGGAC,5
191,AGGCAGGACG,5
192,GGCAGGACGA,5
193,GCAGGACGAT,4
194,CAGGACGATG,4
195,ATTTACAAAA,4
196,TTTACAAAAA,4
197,TTACAAAAAA,4
198,TACAAAAAAT,8
199,ACAAAAAATC,8
200,CAAAAAATCT,8
201,AAAAAATCTG,8
202,AAAAATCTGC,6
203,AAAATCTGCA,6
204,AAATCTGCAT,2
205,AATCTGCATA,2
206,ATCTGCATAC,2
207,TCTGCATACA,2
208,CTGCATACAA,2
209,TGCATACAAA,2
210,GCATACAAAA,2
211,CATACAAAAA,2
212,ATACAAAAAA,2
213,AAAAATCTGT,2
214,AAAATCTGTA,2
215,AAATCTGTAC,2
216,AATCTGTACA,2
217,ATCTGTACAA,2
218,TCTGTACAAA,2
219,CTGTACAAAA,2
220,TGTACAAAAA,2
221,GTACAAAAAA,2
222,AAATCTGCAC,2
223,AATCTGCACA,2
224,ATCTGCACAA,2
225,TCTGCACAAC,2
226,CTGCACAACT,2
227,TGCACAACTA,2
228,GCACAACTAA,2
229,CACAACTAAT,2
230,ACAACTAATG,2
231,CAACTAATGT,6
232,AACTAATGTT,6
233,ACTAATGTTC,6
234,CTAATGTTCC,6
235,CCGTGCCTGA,2
236,CGTGCCTGAA,2
237,GTGCCTGAAA,2
238,TGCCTGAAAT,2
239,GCCTGAAATC,2
240,CCTGAAATCT,2
241,CTGAAATCTG,2
242,TGAAATCTGC,2
243,GAAATCTGCA,2
244,AAATCTGCAA,4
245,AATCTGCAAC,4
246,ATCTGCAACT,4
247,TCTGCAACTA,4
248,CTGCAACTAA,4
249,TGCAACTAAT,4
250,GCAACTAATG,4
251,GTGCCTGCCT,2
252,TGCCTGCCTT,2
253,GCCTGCCTTA,2
254,CCTGCCTTAT,2
255,CTGCCTTATG,2
256,TGCCTTATGC,2
257,GCTTCCGCCG,2
258,CTTCCGCCGC,2
259,TTCCGCCGCT,2
260,TCCGCCGCTG,2
261,CCGCCGCTGC,2
262,CGCCGCTGCA,2
263,GCCGCTGCAC,2
264,CCGCTGCACC,2
265,CGCTGCACCC,2
266,GCTGCACCCA,5
267,CTGCACCCAA,4
268,TGCACCCAAA,4
269,GCACCCAAAT,4
270,CACCCAAATC,4
271,ACCCAAATCC,4
272,CCCAAATCCC,4
273,CCAAATCCCA,2
274,CAAATCCCAA,2
275,AAATCCCAAG,2
276,AATCCCAAGT,3
277,ATCCCAAGTT,3
278,TCCCAAGTTT,3
279,CCCAAGTTTA,3
280,CCAAGTTTAG,3
281,CAAGTTTAGG,3
282,AAGTTTAGGG,3
283,AGTTTAGGGT,3
284,GTTTAGGGTG,3
285,TTTAGGGTGG,2
286,TTAGGGTGGC,2
287,TAGGGTGGCT,2
288,AGGGTGGCTG,2
289,GGGTGGCTGC,2
290,GGTGGCTGCA,2
291,GTGGCTGCAC,2
292,TGGCTGCACC,2
293,GGCTGCACCC,2
294,CCAAATCCCT,2
295,CAAATCCCTG,2
296,AAATCCCTGC,2
297,AATCCCTGCT,2
298,ATCCCTGCTT,2
299,TCCCTGCTTC,2
300,CCCTGCTTCC,2
301,CCTGCTTCCG,2
302,CTGCTTCCGC,2
303,GCTTCCGTAA,3
304,CTTCCGTAAG,2
305,TTCCGTAAGT,2
306,TCCGTAAGTT,2
307,CCGTAAGTTT,2
308,CGTAAGTTTG,2
309,GTAAGTTTGC,2
310,TAAGTTTGCT,2
311,AAGTTTGCTT,2
312,AGTTTGCTTC,2
313,GTTTGCTTCC,2
314,TTTGCTTCCG,5
315,TTGCTTCCGC,13
316,TGCTTCCGTT,9
317,GCTTCCGTTA,2
318,CTTCCGTTAG,2
319,TTCCGTTAGG,2
320,TCCGTTAGGT,2
321,CCGTTAGGTT,2
322,CGTTAGGTTG,2
323,GTTAGGTTGC,2
324,TTAGGTTGCT,2
325,TAGGTTGCTT,2
326,AGGTTGCTTC,2
327,GGTTGCTTCC,2
328,GTTGCTTCCG,7
329,TGCTTCCGTG,5
330,GCTTCCGTGC,5
331,CTTCCGTGCT,5
332,TTCCGTGCTT,4
333,TCCGTGCTTC,4
334,CCGTGCTTCC,4
335,CGTGCTTCCG,4
336,GTGCTTCCGT,2
337,GTGCTTCCGC,4
338,TGCTTCCGTC,3
339,GCTTCCGTCC,3
340,CTTCCGTCCT,2
341,TTCCGTCCTT,2
342,TCCGTCCTTT,2
343,CCGTCCTTTG,2
344,CGTCCTTTGC,2
345,GTCCTTTGCT,2
346,TCCTTTGCTT,2
347,CCTTTGCTTC,2
348,CTTTGCTTCC,3
349,GCTTCCGTAT,2
350,CTTCCGTATG,2
351,TTCCGTATGC,2
352,TCCGTATGCT,2
353,CCGTATGCTT,2
354,CGTATGCTTG,2
355,GTATGCTTGC,2
356,TATGCTTGCT,2
357,ATGCTTGCTT,2
358,TGCTTGCTTC,2
359,GCTTGCTTCC,2
360,CTTGCTTCCG,2
361,GCTTCCGTTC,2
362,CTTCCGTTCC,2
363,TTCCGTTCCG,2
364,TCCGTTCCGT,2
365,CCGTTCCGTG,2
366,CGTTCCGTGT,2
367,GTTCCGTGTG,2
368,TTCCGTGTGT,2
369,TCCGTGTGTG,2
370,CCGTGTGTGC,2
371,CGTGTGTGCT,2
372,GTGTGTGCTT,2
373,TGTGTGCTTC,2
374,GTGTGCTTCC,2
375,TGTGCTTCCG,2
376,GCTTCCGTTG,5
377,CTTCCGTTGC,5
378,TTCCGTTGCT,5
379,TCCGTTGCTT,5
380,CCGTTGCTTC,5
381,CGTTGCTTCC,5
382,TTCCGTGCTG,1
383,TCCGTGCTGC,1
384,CCGTGCTGCA,1
385,CGTGCTGCAC,1
386,GTGCTGCACC,1
387,TGCTGCACCC,1
388,CTGCACCCAT,1
389,TGCACCCATG,1
390,GCACCCATGC,1
391,CACCCATGCT,1
392,ACCCATGCTT,1
393,CCCATGCTTT,1
394,CCATGCTTTG,1
395,CATGCTTTGC,1
396,ATGCTTTGCT,1
397,TGCTTTGCTT,1
398,GCTTTGCTTC,1
399,CTTCCGTCCG,1
400,TTCCGTCCGC,1
401,TCCGTCCGCC,1
402,CCGTCCGCCT,1
403,CGTCCGCCTT,1
404,GTCCGCCTTA,1
405,TTGCTTCCGT,1
406,CTTCCGTAAT,1
407,TTCCGTAATC,1
408,TCCGTAATCC,1
409,CCGTAATCCC,1
410,CGTAATCCCA,1
411,GTAATCCCAA,1
412,TAATCCCAAG,1
413,TTTAGGGTGA,1
414,TTAGGGTGAG,1
415,TAGGGTGAGA,1
416,AGGGTGAGAA,1
417,GGGTGAGAAA,1
418,GGTGAGAAAC,1
419,GTGAGAAACC,1
420,TGAGAAACCG,1
421,GAGAAACCGT,1
422,CTTCCCTGCG,1
423,TTCCCTGCGC,1
424,TCCCTGCGCC,1
425,CCCTGCGCCT,1
426,CCTGCGCCTC,1
427,CTGCGCCTCT,1
428,TGCGCCTCTG,1
429,GCGCCTCTGG,1
430,ATGCTAGAAT,1
431,TGCTAGAATT,1
432,GCTAGAATTG,1
433,CTAGAATTGA,1
434,TAGAATTGAT,1
435,AGAATTGATG,1
436,GAATTGATGA,1
437,AATTGATGAT,1
438,ATTGATGATT,1
439,GACGATGCTT,1
440,ACGATGCTTT,1
441,CGATGCTTTG,1
442,GATGCTTTGA,1
443,ATGCTTTGAT,1
444,TGCTTTGATG,1
445,GCTTTGATGA,1
446,CTTTGATGAT,1
447,TTTGATGATT,1
448,GCAGGACGAA,1
449,CAGGACGAAG,1
450,AGGACGAAGA,1
451,GGACGAAGAA,1
452,GACGAAGAAA,1
453,ACGAAGAAAA,1
454,CGAAGAAAAA,1
455,GAAGAAAAAA,1
456,AAGAAAAAAC,1
