,Sequence,y
0,YKLLKLLLPKLKGLLFKL,1
1,PFWRRRIRIRR,0
2,GEKLKKIGKKIKNFFQKL,0
3,KWKSFLKTFKSAKKTSLHTALKAISS,0
4,PAICQRATATLGTVGSNTSGTTEIAACILL,1
5,RCYCRRRFCVCR,0
6,GFLSILKKVLPKVMAHMK,1
7,RGGRLCYCRRRFCICV,1
8,KWKSFLKTFKSAKKTVLHTAAKAISS,0
9,FKLFKKILKVL,0
10,AKRHHGLNCAKGVLA,0
11,RPAFRKAAFRVMRACV,0
12,IKIKIKIK,0
13,RWCVYAYVRVRGVLVRYRRCW,1
14,KWKSFLKTFKSAVKTVLHTALKAISS,1
15,LKKVLKAAA,1
16,GLPALISWIKRKRGG,0
17,CLRIGMRGRELMGGIGKTM,0
18,GIGKFLHSAKKFGKAFVGEIMNSKKKKKKKKKK,0
19,RKKRWWRRKK,0
20,GMASKAGSVLGKITKIALGAL,1
21,FLPIIAGIAAKFLPKIFCTISKKC,1
22,KLLKLLLKLWLKLLKLLL,1
23,FHPSLWVLIPQYIQLIRKILKSG,1
24,GLKEVLHSTKKFAKGFITGLTGQ,1
25,WCYCRRRFCVCVGR,1
26,KKLKKFKKLQ,0
27,FLGMIPKLIKKLIKAFK,1
28,LLKWLLK,0
29,GFGMALKLLKKVL,1
30,GVAKFGKAAAHFGKGWIKEMLNS,0
31,WGRAFSAGVHRLARGGRG,0
32,KKIGIWIGIKK,0
33,KLLLKFKKLQ,1
34,YRMWRWRWRWR,1
35,ILGPVLGLVSDTLDDVLGIL,0
36,FSISASKVLDKFGKIVGKVLKQLKKVSAVAKV,1
37,DLWNSIKDMAAAAGRAALNAVTGMVNQ,0
38,RFGRFLRKIRRFRPK,0
39,KLLKLLLKLWKKLLKLLK,1
40,ILGAAWNGAKSLF,0
41,LKKKLFKLKQ,0
42,KWKSFIKKLTSKFLHLAKKF,0
43,WWKAAAKAAAKWW,0
44,FRIRVRVAKKFGKAFVGEIM,1
45,AHCLAIGRK,0
46,GWGDTFGKVLKNFAKVAGVKAAK,0
47,GLLKRIKILL,1
48,FLPMLAGLAASMVPKLVCLITKKC,1
49,IKWKRWWWR,0
50,GVIPCGESCVFIPCISTLLGCSCKNKVCYRN,0
51,VLPKVMAHMK,1
52,GMWKKILGHLIR,1
53,FLPMLAGLAANFLPKIICKITKKC,1
54,ILGKAWEGAKSLF,0
55,LQDLALQGAKERAHQQ,0
56,LLKKLLKK,0
57,GLLGPLLKIAAKVGSKLL,1
58,FLGLLFHGVHHVGKWIHGLIHGHH,1
59,FLPLLLAGLPLKLCFLFKKC,1
60,GFLGPLLKLGLKGAAKLLPQLLPSRQQ,1
61,FLGALIKGAIHGGRFIHGMIQNHH,1
62,GWFDVVKHIASAV,0
63,GAKERAHQ,0
64,KWKLFKKIPKFLHL,0
65,RGLRRLGRKIAHGVKKYG,1
66,IWDAIFHGAKHFLHRLVNPGGKDAVKDVQQKQ,0
67,NLWAGILKHIIK,1
68,SLLSLIRKLIT,1
69,TCGETCFGGTCNTPGCTCDPWPICTDRGLP,1
70,KLLKFIKTLL,1
71,RGGRLCYCRRRFCVC,0
72,LLKWLKKWLKK,0
73,FLPLILPSIVTALSSFLKQG,1
74,GGHRAGLQFPVGRVHRLLRK,0
75,GKWSKILGKLIR,1
76,FLGLLGSLL,1
77,FSEAIKKIIDFLG,0
78,SKVWRHWRRFW,0
79,KLWKLWKKWLK,0
80,CVHWQTNTARTSCIGP,0
81,PAICQRAEIEACILL,1
82,CRRWWRFC,0
83,GIWKSLFTKLLKG,1
84,GLLSNVAGLLKQFAKGGVNAVLNPK,1
85,GLPALISLIKRKRQQ,0
86,GIGAAILSAGKSALKGLAKGLAEHF,0
87,FLKALFKALSKLL,0
88,FLPAIIGMAAKVLPAFLCKITKKC,1
89,WWWLKRIW,1
90,GLPALISSIKRKRQQ,0
91,CLMARPNYRCKIFKQC,0
92,KWASLWNWFNITNWLWYIK,1
93,AGLQFPVGRVHRLLRK,0
94,FWGALAKGALKLIPSLVSSFTKKD,1
95,KLAGLAKKLAGLAKKLAGLAK,0
96,GLMDVFKGAAKNLLASALDKIRCKVTKC,1
97,ILPWKWKFFPWRR,0
98,GIIKKIIKKIIKKI,1
99,FLSLIPKIATGIAALAKHL,1
100,FLSLIPKAISAVSALANHF,1
101,KLKLKFKKLQ,0
102,RRRAAFAAWAAFAARRR,0
103,FLSLIPHIASGIASLVKNF,1
104,GLGSLLGKAFKFGLKTVGKMMGGAPREQ,1
105,VNWKKVLAKIIKVAK,1
106,KLKKKFLKLQ,0
107,RIVQRIKKWLLKWKKLGY,0
108,FLPLIAGVAASILPKIFCFITKKC,1
109,ALWKDILKNAGKAALNEINQIVQ,1
110,FIFHIIKGLFHAGKMIHGLVTRRRH,1
111,RWKRWWRRKK,0
112,FKRLEKLFSKIWNWK,0
113,GLFRALLRLLRSLWRLLLRA,0
114,GVFDIIKGAGKQLIAHAMGKIAEKVGLNKDGN,0
115,FLSLALAALPKFLCLVFKKC,1
116,ALHKTMLKKLGTMAL,1
117,LKIPGFVKDTLKKVAKGIFSAVAGAMTPS,1
118,RWKIFKKIEKVG,0
119,FLGGLIKWWPWRR,1
120,KFFKFFKFF,1
121,FLPMLAGLAANFLPKIVCKITKKC,1
122,FLPAALAGIGGILGKLF,1
123,GIMSLFKGVLKTAGKHVAGSLVDQLKCKITGGC,1
124,KWLRRVWRWWR,1
125,KLPKLPWKPKK,0
126,GKLWLKG,0
127,KKTWWKTWWTKWKK,0
128,GIGKFIHSVKKWGKTFIGEIMNS,1
129,GVVVRIGRVIVRGVRR,0
130,WRWRCRRRFCRWRW,0
131,WRCRRRFCRW,0
132,RRRRRRAAFAAWAAFAA,0
133,KKIGAIKKWGAIKKIGAI,0
134,QKALNEINQF,0
135,RWWRYWR,0
136,KKYRYHLKPFSKK,1
137,HLNKRVQRELIGWLDWLK,0
138,LRFAKKALKKLF,0
139,GIGKHVGKALKGLKGLLKGLGES,0
140,LRCKKRRWKCRV,0
141,IGGYCSWLRL,0
142,ILPWKWPWWPWRA,1
143,ALWKTLLKKVLKAAAKAALN,1
144,KWKSFIKKLTSKFLHSAKKN,0
145,LCLKKRRWKYCV,0
146,PRPRCRRRFCRPRP,0
147,FLPLIGKVLSGIL,0
148,GIHDILKYGKPA,0
149,GLPICGETCVGGTCNTPGCSCSWPVCTRN,1
150,RWRRFWRR,0
151,YPCKLNLKLGKVPFH,0
152,KKKKKKKKKKGIGKLFLHAAKKFAKAFVAEKMNS,0
153,KISKKIMRTFLRR,0
154,ILPAKWPWWPWRR,1
155,DKPKKKPPPPAGPPPPPPPPPGPPPPGP,0
156,KILRGVCKKIMRTFLRRISKDILTGKK,1
157,SMLKVLKNLGKVGLGFVACKINKQC,1
158,VWPLGLVICKALKIC,1
159,SWLSKTAKKLENSAKKRISEGIAIAIQGGPR,0
160,PQPRPPHPRL,0
161,RFRRLRIKTRIRLKKI,0
162,GIKDILKYGKPS,0
163,ILPWKWPLWPWRR,1
164,GILSSFKGVAKGVAKNLAGKLLDELKCKITGC,1
165,RGLRRLGRKIAHGVKKYGPTVKRIKRKA,0
166,MSVSDAVQLMLGFGTFVLMLLGLVVELIKNSNKK,0
167,SVAGRAQGM,0
168,FLPFLIPALTSLISSL,0
169,FKVTWKTKWWKG,0
170,VRRFAWWWPFLRR,0
171,GILSSLWKKPKKIIAK,0
172,GIRRILRYGRPS,0
173,STIGDLVKWIIDTVNKFTKK,1
174,ILGKLLSTAAGLLSKL,1
175,VNRKKILGKSIKVVK,1
176,MLKKFRGMF,0
177,FFHHIFRAIVHVGKTIHRLVTG,1
178,GWGSFFKKAAHVGKHVGKAALTHYL,0
179,SIGSALKKALPVAKKIGKIALPIAKAALP,0
180,GRFKRFRKKAKKLFKKLSPVIPLLHL,0
181,KWKWKWKW,0
182,GKWMSLLKHWLK,1
183,LLIRAAKKFIKK,0
184,FFGRLKAVFRGARQGWKEHRY,0
185,RWRLLLLKKH,0
186,FLGPIIKIATGILPTAICKILKKC,0
187,SIGRRGGYCAGIIKQTCTCYR,0
188,GIMDSVKGLAKNLAGKLLDSLKCKITGC,1
189,FLPLLAGLAAKWF,1
190,WKKILSKIKKLLK,0
191,VNWKKVLKKIIKVAK,1
192,EQHSSGKSDV,0
193,INWSSIFESVSNLV,1
194,RVVRQWPIGRVVRRVVRRVVRY,0
195,GIGKFLHSAKKFAKAFVGEIMNS,1
196,LVQRGRFGRFLRKIR,0
197,KLLLKLKLKLLKGWKRKRFG,0
198,FFHHIFRAIVHVPKTIHRLVTG,1
199,RVMFKWA,0
200,INLKAIAPLAKKLL,0
201,FVDLKKIANIINSIFGK,1
202,GIADILKYGKPS,0
203,KKVADKVLLLKQLRIMRL,0
204,CVISAGWNHKIRCKLTGNC,0
205,GKWMSFLKHILK,1
206,FIGSALKVLAGVLPSVISWVKQ,1
207,HFKGTLVNLAKKIL,0
208,KVMAHMK,1
209,GEGFLGMLLHGVGHAIHGLIHGK,0
210,GFLEKLKKGAKDFASALVNSIKGT,0
211,YKLLKLLLPKLKPLLIKL,1
212,ILGKLLSTWAGLLSNL,1
213,PCNPDHDYRPFGNFRIAFTT,0
214,GIGAVLEVLTTGLPALISWIKRKRQQ,1
215,RPPQFTRAQWFAIQHISLN,1
216,RWCVRARVRGVRYRRCW,0
217,NYISFFRKCKNSQST,0
218,GLNALKKVFKGIHEAIKLINNHVQ,1
219,HFLLTLVNLAKKIL,1
220,FLRFIGSVIHGIGHLVHHIGVAL,1
221,LLGPVLGLVSNVLGGLL,0
222,GIHDILKYGKRS,0
223,VRRFGWWWGFLRR,1
224,FLKLLKKAL,0
225,ANWKGIAAMAKKLL,0
226,GKPRPYSPRPTSHPRPIRV,0
227,SMLSVLKNLGKVGLGFVACKINKQC,1
228,KRFKKFFKKVKKSVKKRLKKIFKKPMVIGVTIPF,0
229,LNWGAVLKHVVK,1
230,GIGAVLKVLTTGLKWKLFKKIEKVGQ,1
231,WWWLKKIW,1
232,GILDTLKQFAKGVGKDLVKGAAQGVLST,0
233,GIFPIFAKLLGKVIKVASSLISKGRTK,1
234,IETFLKQLRSAANKIVGL,0
235,GIGSAILSAGKSALKGLAKGLAEHFAN,0
236,GILDTLKQFAKGVGKDLVKGAAQGVLS,0
237,LKLASIVSWAKKVL,1
238,FLFSLIPKAIGGLISAFK,1
239,KLAKKLAKLAKLAKAL,0
240,KILRGVSKKIMRRILTGKK,0
241,CQWQFISPSRAGCIGP,0
242,GVVDILKGAAKDIAGHLASKVMNKA,0
243,WPWWPWRR,1
244,DSHAKRHHGYKRKFHEKHHSHRGY,0
245,CVKVRVKVGSGVKVRVKVC,0
246,GLFDIWKWWRWRR,1
247,FLGLLGGLL,1
248,KLSPSLGPVSKGKLLAGQR,1
249,KILRGVSKKIMRRISKDILTGKK,0
250,GFCRCLCRRGVCRCLCTK,0
251,FLKLLKKLL,1
252,FKRLEKLFSKIWNWK,0
253,GIPCGESCVWIPCISAALGCSCKNKVCYRN,0
254,GLGKDLAKLGVDLVACKISKQC,0
255,FLSLLPHIASGIASLVSKF,1
256,KWKVFKKIEKMIRNIRNKIVK,0
257,PMARNKKLLKKLRLKIAFK,0
258,KIAKKIAKIAKKIA,0
259,KLAGLKAKWAGLKAKLAGLKA,0
260,KNWKKILKKIIKVVK,1
261,GRRPRPRPRP,0
262,INWKKIFEKVKDLV,1
263,GFLDIIKDTGKEFAVKILNNLKCKLAGGCPP,0
264,IGKFLKKAKKFG,0
265,ALWKTLLKKVLKAAAK,1
266,KIAGKIAKIAGKIAK,0
267,ILGKLLSWAAGLLSNL,1
268,GLGSLLGKAFKFGLKTVGKMMGGAPREE,1
269,KNWKKIASIGKEVLKAL,1
270,ALLLAIRRR,0
271,KRAKKFFKKPK,1
272,FLGALFKFASK,0
273,KKLFKKILKDL,0
274,KKKKKKALFALWLAFLA,0
275,LKWLKKLLKKL,0
276,KLVKTWLKVLK,0
277,KRFIKWYKAWNKKRRVY,0
278,ILKKLLSTAAGLLSNL,1
279,FLGALFKWASK,0
280,GIGAVLTTGLPALISWIKRKRQQ,1
281,KWKEFLKTFKEAKKEVLHTALKAISS,0
282,KWKKFKKIGAVLKKL,0
283,SLFSLIKAGAKFLGKNLLKQGACYAACKASKQC,0
284,LRFLKKILKHLF,1
285,LALILRKIVTAL,1
286,RGLRRLGRKIAHGVKKY,1
287,WKSDVRRWRSRY,0
288,GIPCGESCVWIPCITSAIGCSCKSKVCYRN,1
289,DEMKLDGFNMHLE,0
290,KKLFKKILKRL,0
291,GMWSKILGHLI,1
292,WGIHRILKYGKPS,0
293,RIRWILRYWRWS,1
294,FFGHIWHGARTLFRDVFA,0
295,KIAGKIASIAGKIAKIAGSIAKIAGK,1
296,GIGKFLKKAKKFGKAFVKMKK,1
297,RAGLQFPVGRLLRRLLRRLLR,0
298,VNWKKILPKIIKVVK,1
299,KITLKLAIKAWKLALKAA,1
300,RIIDLLWRVRRPQKPKFVTVWVR,0
301,KKKKKKAAAAFWAAAAF,0
302,RKLRRLKRKIAHKVKKY,0
303,FLGALFKALSKLV,0
304,RWKRWWRWI,0
305,WKSYVRRWRSR,0
306,KALWKTLLKKVLKA,1
307,VNWKKILAKIIKVAK,1
308,FPVTWPTKWRKG,0
309,KFLKLKWLKSWKNFK,0
310,LGRVDIHVWDGVYI,0
311,DEKGPKWKR,0
312,SKKLFKKILKYLAGPAKKLFKKILKYLKDEL,1
313,KKLFKKILKYLTTGLPALISWKDEL,1
314,RFRLPFRRPPIRIHPPPFYPPFRRFL,0
315,LLKLKFKKKQ,0
316,ALWMTLLKKVLKAAAKALNAVLVGANA,1
317,GKLFKKILKIL,0
318,KIAGKIAKIAGKIAKIAGKIAKIAGK,1
319,LKDVEEAQQKIINIIRRL,0
320,GKWMSLWKHILK,1
321,ILKKWPWWPWRRK,0
322,GLNALKKVFQPIHEAIKKINNHVQ,0
323,RRLMAAKAES,0
324,INWLKIAAAVAGML,1
325,ILGKILKGIKKLF,0
326,RRPRPRPRPFFFFF,0
327,INLKALAALAKKIL,0
328,LKLFKKILKFL,1
329,RRIVQRIRDFLR,1
330,KRFKKFFKKPK,1
331,GIGAVLKWLPALIKRKRQQ,0
332,KKTWWKTWWTKWSQPKKKRKV,1
333,RKKRRQRRRLNLKALLAVAKKIL,1
334,GAPKGCWTKSYPPQPCFGKK,0
335,SMLSVLKNLGKVGLGFVASKINKQS,1
336,YIPQPRPPHPRL,0
337,KILRGVSKRILTGKK,0
338,IKKIWSKIKKLWK,0
339,FLPILAGLAAKIVPKLFCLATKKC,1
340,KWCFRVCYRGICYRRCR,1
341,INLKAIAAFAKKLL,0
342,AVVDILKGAAKDIAGHLASKVMNKL,0
343,GLMKRIKTML,0
344,RIKRFWPVVIRTVVAGYNLYRAI,0
345,GLAKRIKTLL,0
346,LKKLLKWLLKLLK,1
347,NVMTYWWLDPPL,0
348,TQQAFQKFLAAVTSALGKQYH,0
349,KWKSFIKKAKTSFLHSAKKF,0
350,GIWKKWIKKWLNVLKNLF,1
351,GLRSKIWLWVLLMIWQESNKFKKM,1
352,SSLLEKGLDGAKKAVGGLGKLGKDAVEDL,0
353,LLAGLAANFLPKIFCKITKRC,1
354,KRFIKWYNAWNEKRRVY,0
355,GMWSKIPGHLIR,1
356,ALYLAIRKR,0
357,AIPWSIWWRLLFKG,1
358,FKRLKKLFKKIWNWK,1
359,RTCIPIPLVMC,0
360,KLKFKLKQ,1
361,PICKRNGLPVCGETCTLGTCYTQGCTCSW,1
362,SILDKIKNVALGVARGAGTGILKALLCKLDKSC,0
363,ILGKLLSTAAGLLKNL,1
364,GILGKLWEGFKSIV,0
365,GLWSKIKAAGKEAAKAAAKAAGKAALNAVSEAV,1
366,KILGVSKRILTGKK,0
367,FFHHIFRGIVHVGKTAHRLVTG,0
368,LRPLLRPLLRPLLRPLLRPLLRPLLRPL,0
369,SMLSVLKKLGKVGLGFVACKINKQC,1
370,KPLLKKLLKKL,0
371,GVVDILKGAAKDIAGHASKVMNKL,0
372,WKRIVRRIKRWLR,1
373,KNWGKILKHIIK,1
374,KYTGKCYKKKNECK,0
375,GLLKFIKTLL,1
376,VNSKKISPKSIKVSK,1
377,KKLLKFKKLQ,0
378,TLISWIKNKRKQRPRVSRRRRRRGGRRRR,0
379,FLSTLWNAAKSIF,1
380,TKPKGTKPKGTKPKGTKPKG,1
381,GIHRILKYGKPS,0
382,GLGSVFGRLARIGRVIPKV,1
383,VRRFPWWWAFLRR,1
384,KLAKKLAKLAKLAKAL,0
385,SADLVKKIWDNPAL,0
386,DSHAKRHHGYKIKFHEKHHSLRGY,0
387,GLLKRIKWLL,1
388,HFLLKLVNLAKKIL,1
389,KIAKVALKALKIAKVALKAL,1
390,LKLKSIVSWAKLVL,1
391,FFFLRRIF,1
392,HCLAIGRR,0
393,RWWRRWRRWWR,0
394,KKLAGLAKKWAGLAKKLAGLA,0
395,RFRRLRKKKRKRLKKI,1
396,KVFKRLEKLFSKI,0
397,AFGMALKLLKKVL,1
398,RRRRWFWF,0
399,GLMSTLKDFGKTAAKEIAQSLLSTASCKLAKTC,0
400,FFPGIIKVAGAILPTAICAITKRC,1
401,LLKKLLKKLLKL,0
402,LKWLKKWLK,0
403,LKKKLFLKKQ,0
404,FRRFFKWFRRPFKFF,0
405,RKKKVKLLKRLV,0
406,FLPLIGRVLSGIL,0
407,ALLHHGLNCAKGVLA,0
408,KLVKTQLKVLK,0
409,KWKKLLKKPLLKK,0
410,KSLVRRWRSRW,0
411,SGKLCCRRKK,0
412,RKKKFKFFKRFF,0
413,KLKKLLKKLLKK,0
414,LLLFLLKKRKKRKY,1
415,RRWWRHWRR,0
416,WRRFWRR,0
417,FVLPLVMCKILRKC,0
418,RGGRLCYCRGWICFCVGR,1
419,WKSYVRRWR,0
420,GLPRKILAAIAKKK,0
421,GLNALKKVFQGIHKAIKKINNHVQ,0
422,IKKIWSKIKKWLK,0
423,VEIHVWEGV,0
424,ILKWKWKWWKWRR,0
425,IIKVPLKKFKSMREVMRDHGIKAPVVDPATKY,0
426,NVWKKVLGKIIKVAK,1
427,KLLKKLLKLWKKLLKKLK,1
428,ALLKTMLKKLGTMAL,1
429,RIKRFWPVVIRTVVAGYNLYRA,0
430,FSGGNCRGFRRRCFCTK,1
431,ICYCRRRFCVCVGR,1
432,KALWKTMLKKLGTMAL,1
433,NVWKKILGKIIKVAK,1
434,RLWRRWRRWRR,0
435,IIGAIAAALPHVINAIKNTF,1
436,CGYKYGCMVKVDR,0
437,ALWLAIRRR,0
438,KFAKKFKWFAKAAFKFFKK,1
439,GVFGLLAKAALKGASKLIPHLLPSRQQ,1
440,FLGALFKALSKLL,0
441,GVVDILKGAAKDLAGHLATKVMNKL,0
442,KKKKKFKKLQ,0
443,KLLKWLLKL,0
444,KKWKKWKKWKK,0
445,VNWKKILGKI,1
446,FLPVIAGLAAKVLPKLFCAITKKC,1
447,RIVQRIAKWAKKWYKAGK,0
448,GMWSKILPHLIR,1
449,ACPIFTKIQGTYRGKAKRIGRRIC,0
450,KKLFKKILKYLGIGKFLHSAKKDEL,0
451,ERILSILRHQNLLKE,0
452,KKLKKLKKKWKKLKKKLK,0
453,KWKLFKKIGIGAVLKVLTTGLPALKLTK,1
454,KILRGVSKKIMRTFLRR,0
455,FRFRCRRRFCRFRF,0
456,ALLLAIRKR,0
457,GLFDVIKKLLKKIKGL,1
458,ALPWKWPWWPWRR,1
459,GMWSKILGHLIR,1
460,CKTRTSTNTDHLWIAKSKARLSET,0
461,RKRFARFAKRAV,0
462,INWKKIFEKVSNLV,1
463,SLGGVISGAKKVAKVAIPIGKAVLPVVAKLVG,0
464,AIGSILGRLAKGLPTLKSWIKNR,0
465,FFRLLFHGVHHVGKIKPRA,1
466,VIPFVASVAAEMMQHVYCAASRKC,0
467,MAQDIISTIGDLVKWIIDTVNKFTKK,1
468,GIRKWFKKAAHVGKKVGKVALNAYL,1
469,KKLFKKILKYLAGPAKFLHSAK,0
470,FLPLIGRVLSGIA,0
471,ALWMTLLKKVLKAAAKAALNAVLVGANA,1
472,GRFKRFRKKFKKLFKKASPVIPLLHL,0
473,LLGMIPVAISAISALSKL,0
474,KKFFLKVLTKIRCKVAGGCRT,0
475,FLGAVVKALSKLL,0
476,SKKLFKKILKYLAGPATTGLPALISW,1
477,KLKAGLAKWKAGLAKLKAGLA,0
478,ALWKTMLKKLGTMALHAGKAALGAAADTI,1
479,YPCKLNLKLGKVPFH,0
480,LKLKKFKKLQ,0
481,GIGAVLAVLTTGLPALISWIKRKRQQ,1
482,GIGGALLSAGKAALKGLAKGLAEHFAN,1
483,GLPVCGETCFGGTCNTPGCICDPWPVCTRN,1
484,RIKRFWPVVIRTVVAGYNL,0
485,GIGTKILGGVKAALKGALKELASTYVN,0
486,GMASKLAKVLPHVVKLIK,1
487,LRPAILVRTK,0
488,VLPLLETCSMTCWENNQTFGK,1
489,HLLKRVQRELIGWLDWLK,0
490,LLWIALRKK,0
491,QYRPGSFGPLNQK,0
492,FITGLIGGLMKAL,0
493,RCFRRRGKLTC,0
494,GEFLKCGESCVQGECYTPGCSCDWPICKKN,1
495,FFPLVLGALGSILPKIF,1
496,FFKLIPKLVKKLIKAFK,1
497,KKKAAAFAAWAAFAKKK,0
498,GKIIKVVK,1
499,KGCALVKVRGLTLKVCK,0
500,GKLIKKFGRKAISYAVKKARGKH,1
501,VRRFKWWWKFLRR,0
502,FLGFLHHLF,1
503,VTLASHLPSDFTPAVHASLDKFLANVSTVL,0
504,SKVGRHLRRFLHRAHRKL,0
505,CGESCVFIPCISTLLGCSCKNKVCYRNGVIP,1
506,KVKVKVKVPPTKVKVKVK,0
507,KIFGAIWPLALGALKNLIK,0
508,INWLKAKKVAGMIL,0
509,FFFHIIKGLFHAGRMIHGLVNRRRHRH,1
510,KWKKFKKIGKVLKVL,0
511,RRWYRWAWRMR,0
512,ILPWKKPKKPWRR,0
513,HKCAKIKWRGVHVKYCA,0
514,GLLKPLLKIAAKVGSNLL,0
515,KKWMSLLKHILK,1
516,IGDLVKWIIDTVNKFTKK,1
517,FKRLKKLAKKIWNWK,0
518,FFGRLKSVWSAVKHGWKAAKSR,0
519,GIPCGESCVFIPCITGAIGCSCKSKVCYRN,1
520,LNWGAIKKHIIK,1
521,FLPFVGKLLSGLL,1
522,RWRSFFKKAAHRGKHVGKRARTHYL,0
523,KKLLKFLKKQ,0
524,WWSYVRRWRSR,0
525,AKRLKKLAKKIWNWK,0
526,GFLSILKKVLP,1
527,GAVDILKGAAKDIAGHLASKVMNKL,0
528,MLKKFRGMF,0
529,NWKKIASIGKEVLKAL,1
530,RRRYIGRYVRFWK,0
531,KWKKLLKKPLKLLKKLL,0
532,FLPGLIAGIAKML,1
533,GIWKTIKSMGKVFAGAIKQNL,1
534,GILDTLKQFAKGVGKDLVKGAAQGVLSTV,0
535,RKLRRLKRKIAHKVKKY,1
536,KRIVQRIKKWLR,0
537,INWLKLGKMVIDAL,1
538,VQLRIRVAVIRA,1
539,GIKIAKKAITIAKKIAKIYW,0
540,KILGVSKKIMRRISKDILTGKK,0
541,KKWMQKVIDRFGG,0
542,FKCRRWQWRMKKLG,0
543,FLPGLLAGLL,0
544,GRRPRPRPRPWWWW,0
545,ILGWKWGWWGWRR,1
546,EVASFDKSKLK,0
547,ILGKIWKGIKSLF,1
548,LRRLWLRANRL,0
549,FPFLLSLIPSAISAIKRL,1
550,ASVVNKLTGGVAGLLK,0
551,QAKIRVRLSA,0
552,FLGSIVGALASALPSLISKIRN,1
553,GRRKRKWLRRIGKGVKIIGGAALDHL,1
554,FLSLIPKIISAISALINHF,1
555,LRLKSIVSYAKKVL,0
556,GVFDIIKGAGKQLIAHAMEKIAEKVGLNKDGN,0
557,LDVKKIICVACKIRPNPACKKICPK,1
558,FLFSLIRKAIGGLISAFK,1
559,GCKKWFKKAAHVGKNVGKVALNAYL,1
560,IWNKIAKSIGKVLEKAL,1
561,FVQWFSKFLGKIL,1
562,GFGKALKLLKKVL,0
563,EWESFLETFESAKETVLHTALEAISS,0
564,KIAGKIAAIAGKIAKIAGAIAKIAGKIA,1
565,KKLFKKILKYLKKLFKKILKYLKDEL,1
566,FLPLIAGVAANFLPKIFCLISKKC,1
567,GRKKRRQRRRGGWMWVTNLRTD,0
568,GRILSFIKGLAEHL,0
569,GIMSSLMKKLAKHIAK,0
570,INWKKIASIGKEVLKAI,1
571,IKKIVSKIKKLLK,0
572,VCYCRRRFCVCVGR,1
573,GIWKTIKSMGKVFAGAILQNL,1
574,SYSMEHFRWGKPV,0
575,FLPIIAGVAAKVLPKLFCAITKKC,1
576,GLNALKKFFQGIHEAIKLINNHVQ,1
577,NWCKRGRKQCKTHPH,0
578,FLSLIPKLVKKIIKAFK,1
579,RICTPIPFPMCY,0
580,FFYNVIKIYGNMAGRISK,0
581,ILPWKWPWLPLRR,0
582,KFFKRLLKSVRRAVKKFRKKPRLIGLSTLL,0
583,YKARRWAWRMK,0
584,RGLRRLGRKIAHGVKKGGPTVLRIIRIAG,1
585,FLPILGNLLNGLL,1
586,KLLLKFKKKQ,0
587,VSAVAKVAMKKGAALLKKMGVKISPLK,0
588,RLCRIVVIRVCR,0
589,LNWGKILKHIIK,1
590,AIGHCLGATL,0
591,AKKVFKRLEKLFSKIWNDK,0
592,RAGLKFPVGRVHRLLR,0
593,FLPIIGKLLSGLL,1
594,LLKKLLKLLLKL,1
595,KKRWWWWWR,0
596,LRKRLRKFRNKIKEKLKKIGQKIQGFVPKL,0
597,SAPRGCWTKSYPPKPCK,1
598,MQFITDLIKKAVDFFKGLFGNK,1
599,FRVTWRTKWWKG,0
600,PKVMAHMK,1
601,FFPLVLGALGSILPKVFGK,1
602,CVKGGKKYKRQGKGHRMRRYRNNH,0
603,KFLGTLVNLAKKIL,0
604,GLPVCGETCVGGTCYTPGCTCSWPVCTRN,1
605,RMKLNAKKLSFC,0
606,ILGKIWEGIKS,0
607,IKKIIKKIIKKI,0
608,PKLLKTFLSKWKKIG,1
609,LKIAKGIIKSL,0
610,FLSLALAALPKLFCLIFKKC,1
611,LNWGAFLKHFFK,1
612,KYTGKCTKSKNECK,0
613,CKLLLKWLLKLLKC,1
614,RKSKEKIGKEFKRIVQRIKDF,0
615,FLPLVTMLLGKLF,1
616,AKRLKKLFKKIWNWK,0
617,GMASKAGSIVGKIKIALGAL,0
618,LKKLLKKLLKW,0
619,GKLNLFLSRLEILKLFVGAL,0
620,FLSLIPSLVGGSISAFK,0
621,LKLLLLKLLKLKLWK,1
622,RCYARRRFAVCR,0
623,ALWMTLLKKVLKA,1
624,KWAKKWKWFAKAAWKWYKK,1
625,AKKVFKRLEKLFSKIQNDK,0
626,KWFKKIPKFLHLAKKF,0
627,FLGALWKVAKSVF,1
628,GRKKRRQRRRGALWKSLLKNVGKA,0
629,FFHHIFRGIVHVGKKIHRLVKG,1
630,AVIPPLRCKAAFC,0
631,FLSGIVGMLGKLF,1
632,RLYRKVYG,0
633,GVVVRIGRVVVRGVRR,0
634,FKCWRWQWRWKKLGA,0
635,GFFALIAKIISSPLFKTL,1
636,ILPWRWPWWPWRR,1
637,ILGPVLGLVGNALGGLIKKI,1
638,LRRLWLRANRLLRRLWLRANRL,1
639,FLPLIGRVLAGIL,1
640,FKKLKKIANIINSIFKK,0
641,KWRRAVRAI,0
642,IKLRNVLKYLFRIDVIKEDIL,0
643,FFHHIFRGIVHVGKTIHKLVTG,1
644,FFHHIFRGAVHVGKTIHRLVTG,1
645,LALERRSGWLRLFGLKPRRKH,0
646,HKKHKKHKKHKKHKKHKK,0
647,KWARLWRWFRITRWLWYIK,1
648,LNWGAILKHIKK,1
649,ILPSKLCRLLGNC,0
650,SGKRWWRRKK,0
651,AVGIGALFLGFLGAAGSTMGARS,1
652,FLFSLIPKAIGGLISAFK,1
653,RGGCLCYCRRRFCVCVCR,0
654,GLGKFLHSAKRFGKAFVGEAMNS,0
655,ALLHHGLNCAKGVLA,0
656,RGGRLCYARRRFAVCVGR,0
657,IRIKIRIK,0
658,SSLLEKGLDGAKKAVGGLGKLGKDA,0
659,GLWSKIKEVGKEAAKAAAKAAGK,0
660,RRLIWLILRLLR,1
661,LCYTFRPRFVCV,0
662,FWGFLGKLAMKAVPSLIGGNKK,1
663,LLRRLLRR,0
664,FFGWLIRGAIHAGKAIHGLIHRRRH,1
665,FLPILGKLLSGIL,1
666,GLKKLISWIKRAAQQG,1
667,KILRGVSKKIMRTFLRRISKDILTGKK,0
668,GIWKTIKSMGKVFAGKIKQNL,1
669,FKRFIGSVKHGIGHLVHHIGVAL,0
670,WLGALFKVASK,0
671,SGIQPEQHSS,0
672,RGGRLAYCRRRFCVAVGR,0
673,KVVKQWPIGKVVKKVVKKVVK,0
674,IKLSPETKKNLKKVLKGAIKGAIAVAKMV,1
675,ILGPVIKTIGGVIGGLLKNL,0
676,CYCFRRFCVC,0
677,KKKKKKAAAFAAAAAFAAWAAFAAA,0
678,FLPLILRKIVTAL,0
679,MAADIISTIGDLVKLIINTVKKFQK,1
680,GKSNKPALTLIQARILKHKT,0
681,LRAAHRLAIGRR,0
682,GILDTLKEFGKTAAKGIAQSLLSTASCKLAKTC,0
683,KAKLFKKIPKFLHLWKKF,0
684,IFGAIWPLALGALKNLIK,1
685,KWCRCVCRRGICYCRCRG,0
686,ALWKNMLKGIGKLAGQAALGAVKTLVGAES,1
687,WSKILGHLIR,1
688,FLPIVGKLLSGLL,1
689,KIGKAIKWGKAIKIGKAI,0
690,ILPWKLPLLPLRR,0
691,FLPFLAGLFGKIF,1
692,GLYNFIKVLGRTVFGLYKQF,0
693,VVQGACRAIRHIPRRIR,0
694,GANLAKKFYTYINKFINYAW,0
695,LLRRVARLLKRFAK,0
696,RLYRRLYR,0
697,LKLFKKILKVL,1
698,WKLFKKILKYL,1
699,GILSSLLKKLKKIIAK,1
700,NILSSIVNGINRALSFFG,0
701,AQWFAIQHISLNPPRSTIAMRAINNYRWR,1
702,FLSTIWNGIKSLL,1
703,GIGKFLHAAKKFAKAFVAEIMNS,1
704,VNWKKILGKIKKVVK,1
705,RGGRLCYCRPRFCVCVGR,1
706,RRWHRHWRR,0
707,DVNDLKNLCAKTHNLLPMCAMF,0
708,LKKWLKKWLKK,0
709,RWRWRWRWRW,1
710,GIAKFGKAAAHFGKKWVGELMNS,0
711,FLKALKKLL,0
712,ALKLLKKLL,0
713,SLSRFLSFLKIVYPPAF,1
714,GFKLLLKGAAKALVKTVLF,1
715,GWASKIGQTLGKIAKVGLKELIQPK,0
716,WWRLRRIW,1
717,CGESCVWIPCISSAIGCSCKNKVCYRNGIP,1
718,CIAKGNGCQPSGVQGNCCSGHCHKEPGWVAGYCK,0
719,KLALKAALKAWKAAAKLA,1
720,GIHDILKYGKPS,0
721,YGAAKKAAKAAKKAAKAA,0
722,KKLFKKILKFL,0
723,KFWSLLKKALRLWANVL,1
724,KLLKKLLKWLK,0
725,AKRLKKLAKKIWKWK,0
726,LLRRVAGLLKQFAK,0
727,RRLFRRILRRL,0
728,FLGGLIKIVPAMICAVTKKCHHHHHH,1
729,GFWKKVGSAAWGGVKAAAKGAAVGGLNALAKHIQ,1
730,YCYCRRRFCVCVGR,1
731,GIGKFLKKAKKFGKAFVKILKK,1
732,GVVTDLLNTAGGLLGNLVGSLSG,1
733,GVFDIIKDAGRQLVAHAMGKIAEKV,0
734,GKPKPYSPRPTSHPRPIRV,0
735,FFGPLIKIATGVLPNLICKALGKC,1
736,LVKLVAGIKKFLKWK,0
737,KWKLFKKIGKVLKVL,1
738,GLVTGLLKTAGKLLGDLFGSLSG,1
739,KWCRCVCRRGICRCRCRG,0
740,FCYCRRRFCVCVGR,1
741,GLWDSIKNFGKTIALNVMDKIKCKIGGGCPP,1
742,LLCKALRKI,0
743,KLKKLFKLKQ,0
744,ALWKTLLKKVLKAAA,1
745,LLKWLLKWLLK,1
746,LKLNSIVSWAKKVL,1
747,GLKALKKVFKGIHKAIKLINKHVQ,1
748,FKRLKKLFSKIWNWK,0
749,TQTVYEWCGVATQLLAAYILL,1
750,FFPLLFGALSSHLPKLF,1
751,RRRLCPIVIRVCRR,0
752,GLPALISWIKRKRL,0
753,LFGFLIPLLPHIIGAIPQVIGAIR,1
754,PRRRRSSSRP,1
755,FLGALVKALSKLL,0
756,FLSTALKVAANVVPTLFCKITKKC,1
757,AGYNLYRAIKKK,0
758,FLFSLIPSAISGLISAFKGRRKRDLN,1
759,GTKRGKLCRISRLAL,0
760,KIGAIKKWGAIKKIGAIK,0
761,WKLFKKILKFL,1
762,ALWMTLLKKVLKAAAKAALDAVLVGANA,1
763,GIKEFAHSLGKFGKAFVGGILNQ,1
764,FVRWFSKFLGRIL,1
765,GLLGGLLGPLLGGGGGGGGGLL,0
766,GDACGETCFTGICFTAGCSCNPWPTCTRN,1
767,PFKISIHL,0
768,KKKKKKALFALWLAFAA,0
769,GNPLKLFLPSTWVHFFKFLR,1
770,ALWKDILKNLLKAALNEINQIVQ,1
771,SKVGRHGRRFGHRAHRKL,0
772,FLSLIPKIISAISALIKHF,1
773,HVDKKVADKVLLLKQLRIMRLLTRL,0
774,RKWVAWRNR,0
775,GSKKPVPIIYCNRRTGKCQRM,0
776,GMWSKIKETAMAAAKEAAKAAGKTISDMIKQ,0
777,GMASTAGSVLGKLAKAVAIGAL,1
778,GRRPRPRPRPFFF,0
779,FRRFFKWPRRFFKFF,0
780,GCRRLCYKQRCVTWCRGR,1
781,FLFSLIPSVIAGLVSAIRN,1
782,RQRVEELSKFSKKGAAARRRK,0
783,ALWKTLLKKVLKAAAKAALNAVLVGANA,1
784,KWKLFKKIFKRIVQRIKDFLR,1
785,RLYRKVYGRLYRKVYGK,0
786,KKKALFALWLAFLAKKK,1
787,KWLLKWL,0
788,GKYGFYTHVFRLKKWMQKVIDRFGG,0
789,GVFRVLRKVTRVVLKVIGKVLKWI,1
790,FLGALFKVASKVLPSVFCAITKKC,0
791,ALWKTLLKNVGKAAGKAALNAVTDMVNQ,1
792,KRIVKLIKKWLR,0
793,VAIALKAAHYHTHKE,0
794,LLKKKFLKKQ,0
795,RFRRLFRIRVRVLKKI,0
796,VIHRAGLQFPVGRVHRLLRK,0
797,KKLLKFKLKQ,0
798,GKWKSLLKHILK,1
799,VRRFPFFFPFLRR,0
800,INWLKLGKKMMSAL,1
801,GFKDLLKGAAKALVKAVLF,1
802,FLFSLIPSAIGGLISAFK,0
803,ILPLKLPLLPLRR,1
804,RFRRLRWKTRKRLWKI,0
805,ACQFWSCNSSCISRGYRQGYCWGIQYKYCQCQ,0
806,WLNALLHHGYKRKFH,0
807,FFPIIAGMAAKVICAITKKC,1
808,GNNRPVYIPQPRPPHPRL,0
809,VAIYGRDDRSDVCRQVQHNWLVCDTY,0
810,NVLKKLNRLKEKNKAKNSKENN,0
811,FWGLKGLKKFSKKL,0
812,VDIHVWSGV,0
813,SKVGRHLRRFGHRAHRKL,0
814,GSKKPVPIIYCNRRGKCQRM,0
815,GLLSGILGAGKHIVCGLTGCAKA,0
816,RWRWWWRWR,0
817,RICTAIPLPMCL,0
818,GFLGPLLKLGLKGVAKVIPHLIPSRQQ,1
819,INWLKLGKKMMSAL,1
820,GIRRILKYGKRS,0
821,RGSALTHLP,0
822,GLLKKIKTLL,0
823,GLLKFIKWLL,1
824,FLPILAGLAANILPKVFCSITKKC,1
825,FPVTWGWWKWWKG,1
826,KWKSFIKKLTSAAKKVVTTAKPLISS,1
827,RRRSVGQQNAIPSHIQVNKFFLRKPAKQHI,0
828,GLFRRLRDSIRRGQQKILEKARRIGERIKDIFR,0
829,KWKSFIKKLTSKFLHSANKF,0
830,EWFKARRWGWRMKKLQA,0
831,KKAAHVGKHVGKAALTHYL,0
832,NPEKALEPLIAIQIAIKGMLNGWFTGVGFRRKR,1
833,LVQRGRFGRFLRKI,0
834,GSAQPYKQLHKVVNWDPYG,0
835,GLMDTIKGVAKTVAASWLDKLKCKITGC,1
836,FLSLIPHAINAVGVHAKHF,0
837,IIGAIAAALPHVINAIKNTF,1
838,VVKCSYRQGSPDSR,0
839,RLYRRLYRK,0
840,GLKALKKVFKGIHKAIKLINNHVQ,0
841,LLKKKFKLKQ,0
842,VNWKKILPKIIKVAK,1
843,FVPWFSKFLGRIL,1
844,CGESCVFIPCVTALLGCSCKSKVCYKNSIP,1
845,ILGKLLSTAAGLLSNL,1
846,FKCKKVVISLRRY,0
847,KFKKLFKKLSPVIGKEFKRIVERIKRFLR,0
848,KLLKLFKKKQ,0
849,FFGWLIKGAIHAGKAIHGLIHRRRH,1
850,KWKKPLLKKLLKKL,0
851,GRPNPVNNKPTPHPRL,0
852,FLGMIPGLIGGLISAFK,1
853,KWKLFKKIGKVLKVL,1
854,LNWGAILKKIIK,1
855,INLKAIAALAKKLF,0
856,RGWRRWGRKWAHGWKKYG,0
857,HLRRINKLLTRIGLYRHAFG,0
858,GKWKKILGKLIR,1
859,IKQVKKLFKK,0
860,GLGSVFGRLARILGRVIPKV,1
861,FFPLIPGVRCKILRTC,0
862,VVAGYNLYRAIKKK,0
863,ILAWKWAWWAWRR,1
864,LLGMIPLAISAISSLSKL,0
865,FFSMIPKIAGGIASLVKNL,1
866,GLNALKKVFQPIHEAIKLINNHVQ,0
867,GVVTDLLKTAGKLLGNLVGSLSG,1
868,GIGKHVGKALKGLKGLLKGLGEC,0
869,LRLKKYKVPQL,0
870,AKKVFKRLGIGAVLKVLKKG,0
871,IKSIASKVANTVQKLKRKAKNAVA,0
872,INWKKIASIGKEVLKAL,1
873,FLFSLIPSAISGLINAFK,1
874,GKMKEYFKKFGASFKRRFANLKKRL,1
875,AVVKVPLKKFKSIRE,0
876,RWKKWWRWL,0
877,KIGAKIKWGAKIKIGAKI,0
878,FLGLIGSLL,1
879,GLFKKLRRKIKKGFKKIFKRL,0
880,IHRDQQHESFLDARPEPGLTE,0
881,AIHDILKYGKPS,0
882,GVFRRLRKVTRKVLKKIGKVLKWI,1
883,KWKLFKKIPLAKKF,0
884,VDIHVWDGVVDIHVWDGV,0
885,RFRRLRKKIRKRLKKI,1
886,HFLGTLVKLAKKIL,1
887,FVDLKKIANIINSIF,1
888,RLCRIVPVIRVCR,0
889,FRFKRFRKKGKKLFKKVSPPILLLHL,0
890,RLYRRLYRRLYRRLYR,0
891,KKYRYHLKPFCKK,1
892,RQIKIWFQNRRLKWKK,1
893,KKLLGWGLLKK,0
894,LTYCRRRFCVTV,0
895,YYNPLPHDCGRDNNTDICSR,0
896,GVGKFLHSAKKFGQALVSEIMKS,1
897,YKLLKKLLKKLKKLLKKL,1
898,ALWMTLLKKVLK,1
899,RRGFSLKLALAKDGWALMLRLGYGRR,0
900,GIGAILKVLATGLPTLISWI,1
901,RFRRLRWWTRKRLKKI,0
902,LKKWWKTSKGLLGGLLGKVTSVIK,0
903,INWLAIAAAVAGML,0
904,GIGKFLKKAKKF,0
905,RKDVYRRRRRR,0
906,GVLGTVKNLLIGAGKSAAQSVLKTLSCKLSNDC,1
907,VWRHWRRFWH,0
908,KKSYVRRWRS,0
909,GVVDILKGAAKDIAGHLASAVMNKL,0
910,KKKKKKAAFAAFAAFAA,0
911,KKLFKKILKYLAGPAKKLFKKILKYLKDEL,1
912,LLSLALAALPKLFCLIFKKC,1
913,AVKKLLRWWSRWWKK,0
914,FLPGLIKAAVGIGSTIFCKISRKC,1
915,KKTWWKTWWTKWSQPKKKRKV,0
916,GKEFKRIVKWPWWPWRR,0
917,GIKKWVKGVAKGVAKDLAKKIL,1
918,ILPWKWPWWPW,1
919,INWKKIASIGKEVLKA,1
920,AVAVVGQATQIAKKKLFKKILKYLKDEL,0
921,RAGLQWPIGRLLRRLLRRLLR,0
922,GWKKWLRKGAKHLGQAAIKGLAS,1
923,IARRNLCASLRARHTIPQCKKFGRR,0
924,KWKLFKKIPKFLHLAK,0
925,PAIAQRATATLGTVGSNTSGTTEIEACILL,1
926,GSNTGFNFKTLDKE,0
927,FIHHIIGGLFSAGKAIHRLIRRRRR,1
928,GWANTLKNVAGGLCKITGAA,0
929,NVWKKILGKIIKVVK,1
930,AAPRGGKGFFCKLFKDC,0
931,FVGAIAAALPHVISAIKNAL,1
932,SAVLRHLRRFLLRKHRKH,0
933,SWLSKTAKKLENSAKKRISEGIAIAIQGGPR,0
934,FLGALWEVAKSVF,1
935,RLRLRIGRR,0
936,NIWKKIFEKVKNLV,1
937,GIGTKFLGGVKTALKGALKELAFTYVN,0
938,LLKWLLKWLKK,1
939,CLLKKLLKK,0
940,GRRPRPRPRP,0
941,FWGALAKGALKLIGVGSLFSSFSKKD,1
942,KKLKLFKKLQ,0
943,ALRLAIRKR,0
944,IHKFWRGGRWFKHI,0
945,KCRRRKVHGPMIRIRKK,0
946,GVVDILKGAAKDIAGHLAAKVMNKL,0
947,RLWLAIKRR,1
948,GMWKKILGKLIR,1
949,QQRKRKGIGAVLKVLTTGLPALISWI,0
950,KWKSFLKTFKSAKKKVLHTALKAISS,0
951,FLPIIGQLLSGLL,1
952,FIITGLVRGLTKLF,1
953,LNWGALLKHLLK,1
954,FLSLIPHAIKAVGVHAKHF,0
955,RLCPRVRIRVCR,0
956,LKKWLKK,0
957,KLLGKWKGLLK,0
958,GFLNTAMNTVTNLAGTLMDKAKCKIRGC,0
959,GIWKKWIKKVVNVLKNLF,1
960,SKVWRHWRRFWHR,0
961,KPTFRRLKWKYK,0
962,HRWWRWWRH,0
963,WFRKQLKW,0
964,FFGSLLSLGSKLLPSVFKLFQRKKE,1
965,INWLKLGKKLLSAL,1
966,KKLFKKILKYLAGPATTGLPALISWKDEL,0
967,LNALKKVFQGIHEAIKKI,0
968,RWKIFKKVVKKG,0
969,GIWGTLAKIGIKAVPRVISMLKKKQ,0
970,CLAIGRR,0
971,IWRIFRRIFRIF,1
972,KKKLFWKIPKFLHLAKKF,0
973,KWWKIWRWR,0
974,GIGKFLHSAKKWGKAFVGEIMNS,0
975,KVFKRLEKLFS,0
976,FFSMIPKIATGIASLVKNL,1
977,GIRRILRYGRRS,0
978,VSRRRRRRGGRRRR,1
979,KKVVFKVKFK,0
980,KARRWVRAI,0
981,RFFRRFRRFFR,0
982,INWSKIFEKVKNLV,1
983,SLWENFKNAGKQFILNILDKIRCRVAGGCRT,1
984,GIGGVLLSAGKAALKGLTKVLAEKYAN,0
985,FLPLLVGAISSILPKIF,1
986,KWRRWVRWI,1
987,GVVVRWGRVWVRGVRR,0
988,INWLKLGKKILGAI,1
989,GIGKFLHSAKKFFKRIVQRIKDFLR,1
990,RFIYMKGFGKPRFGKR,0
991,TPFLLVGTQIDLR,0
992,ALWKSLLKNVGKA,0
993,KRLFKELKFSLRKY,1
994,RRPRPRPRPWWW,0
995,KIAGKIAKIAGKIAKIAGKIAK,1
996,SGKLCCRRKK,0
997,GLLGKILGVEKKVLCGLSGMC,1
998,SKGKKANKDVELARG,0
999,GLKKWFKKAVHVGKKVGKVALNAYL,1
1000,IKLSPKTKKNLKKVLKGAIKGAIAVAKMV,1
1001,ILKWKWPWWKWRR,0
1002,ILPWKWPWAPARR,0
1003,KKPKLPWLPLK,0
1004,GIKDLLKGAAKALVKTVLK,0
1005,FFGWLIKGAIHAGKAIHGLIHRRRH,1
1006,SFLDKFKDVAIGVAKGAGTGVLKALLCKLDNSC,1
1007,ILKWKWKWWPWRR,1
1008,RLWKRWWIR,0
1009,KIAGKIAKIAGKIAKIAGKIA,0
1010,GIRRILKYGKRS,0
1011,GFCWNVCVYRNGVRVCHRRCN,0
1012,VRRFPFFFPFLRR,0
1013,ELDRIGYGTARRKKR,0
1014,GFFLNALKNFAKTAGKRLKSLLNHASCKLSGQC,0
1015,CGESCVWIPCISSAVGCSCKNKVCYKNGTP,1
1016,KRRKAIKILKLIAKLIRKKR,0
1017,SKVLRHLRRFLHRAHRKL,0
1018,GWGSFFKKAAHVGKHVGKAALTHYL,0
1019,KIAGKIAKIAGKIAKIAGKIAKIA,1
1020,ILPILAPLIGGLL,0
1021,GIPCGESCVWIPCISAAIGCSCKSKVCYRN,1
1022,AKKVFKRLEKLFSKIWNWK,0
1023,FLHFLHHLF,0
1024,RRWYRWWR,0
1025,FFHHIKRGIKHVGKTIHRLVTG,0
1026,KWKLFKKIGPGKFLHSAKKF,0
1027,GTPCGESCVYIPCISGVIGCSCTDKVCYLN,1
1028,WIRRIKKWIRRVHK,1
1029,GFISTVKNLATNVAGTVIDTIKCKVTGGC,1
1030,INWSSIFESVKNLV,1
1031,WGRAFSRGVRRLARGGRG,0
1032,GIHDILKYGKPS,0
1033,GLRDKIKNVAIDVAKGAGTGVLKALLCQLDKSC,1
1034,RFRRLRCKTRCRLKKI,0
1035,KKLGLWLGLKK,0
1036,KIAGKIASIAGKIAKIAGSIAKIAGKIA,1
1037,KWKWKWKWKW,1
1038,KALKKLLAKWLAAAKALL,1
1039,GIFPIFAKLLGKVIKVASSLISKGRTE,1
1040,WKLFKKILKVL,1
1041,KWKLFKKIGAVLKKL,0
1042,VDIHVWEGV,0
1043,KWKLFKKIGAVLKKL,0
1044,FLSTIWNGIKSLF,1
1045,RAGLQFPVGRLLR,0
1046,MASRAAGLAARLARLALRAL,0
1047,LLLKKFKKKQ,0
1048,FLPIIAGAAAKVVEKIFCAISKKC,1
1049,LNLKGIFKKVASLLT,0
1050,AWLLAIRRR,0
1051,IKKILSKIKKLWK,0
1052,VNWKKSLGKSIKVVK,1
1053,PWWPWRR,1
1054,LRKAKKIAKKLF,0
1055,FFRNLWKGAKAAFRAGHAAWRA,1
1056,KKKLKFKKLQ,0
1057,FLPLIGRVLSGILGWKRKRFG,0
1058,RVVRPVVQVVKQKVR,0
1059,GKYGFYTHVFRLKKWIQKVIDQFGE,0
1060,GMWSKLLGHLLR,1
1061,HNKQEGRDHDKSKGHFHRVVIHHKGGKAH,0
1062,VLPLVGNLLNDLLGK,1
1063,WLLKRWKKLL,0
1064,ATCYCRTGRCATRESLSGVCEISGRLYRLCCR,0
1065,GVVDILKGAAKDILGHLASKVMNKL,1
1066,GCASRCKAKCAGRRCKGWASASFRGRCYCKCFRC,0
1067,GIMSSLMKKLAAHIKK,0
1068,GLGSLLGKALKFGLKAAGKFMGGEPQQ,1
1069,GMLKRIKTLL,0
1070,LKKLKFKKLQ,0
1071,FLFKLIPKAIKGLVKAIRK,1
1072,GLLKRIKTLL,0
1073,KLKLKFKLKQ,1
1074,GKGALKKFLAKKVAKTVAKQAAKQGAKYVVNKQME,1
1075,CAKAKAKAGSGAKAKAKAC,0
1076,FLPIALKALGSIFPKIL,1
1077,SFFKKAAHVGKHVGKAALTHYL,0
1078,KIAGKIAKIAGKIAKIAGKIAKIAGKIA,1
1079,RGRKVVRRKK,0
1080,HFLGTLVNLKKKIL,0
1081,KKAAAFAAAAAFAAWAAFAAAKKKK,0
1082,ILQKAVLDCLKAAGSSLSKAAITAIYNKIT,0
1083,KWKSFLKTFKSPARTVLHTALKPISS,1
1084,GFKMALKLLKKVL,1
1085,RGGRLCYCRRRFCVCE,0
1086,FLPLKKLRFGLL,1
1087,GRRPRPRPRPFFF,0
1088,GATAIKQVKKLFKKKGG,0
1089,ILPWKWPWWP,1
1090,TISQPEWFKARRWQWRMKKLGA,0
1091,VNWKKILAKIIKVVK,1
1092,LLLIALRKK,0
1093,KAGLAFPVGRVHRLLRK,0
1094,KLKKLLKKWLKLLKKLLK,1
1095,IPHAVKAISDLI,0
1096,EWFKARRWQWRMKKLGA,0
1097,DAHGLLKRIKTLL,0
1098,GIGASILSAGKSALKGLAKGLAEHFAN,0
1099,FWQRNIRIRR,0
1100,SDDAQRCYPHNRTPFTYTYI,0
1101,KLKKLFLKKQ,0
1102,LCYTRGRFTVCVR,0
1103,GVLDILKGAAKDLAGHVATKVI,0
1104,KWRRWVRWI,0
1105,LLGMIKVAITAISALSKL,1
1106,FLGGLIKIVPAMICAVTKKC,0
1107,AWNTYDYMKREHSLVKPYQG,0
1108,ANRLLEAYKMLLKFLGNLR,1
1109,RRRFVVQQDTISPRLEVDERFLPNSVQEQI,0
1110,KIALKALKALKALGKALKAL,1
1111,GMASLLAKVLPKVVKLIK,1
1112,LNWGAWLKHWWK,1
1113,FLIGMTQGLICLITRKC,1
1114,LFGMALKLLKKVL,1
1115,FLGMIPGLIGGLISAFK,1
1116,IKKIVSKIKKLL,0
1117,KKKKKKAAFALWLAFAA,0
1118,GLLDTFKNLALNAAKSAGVSVLNSLSCKLSKTC,1
1119,FFPIIAGMAAKLIPSLFCKITKKC,1
1120,NFAEIFAAVNKLIKQGVVKG,0
1121,VNWKKILG,1
1122,SKKLFKKILKYLAGPAGIGKFLHSAK,0
1123,RLYRRLYRRLYRRLYR,0
1124,VDIHVWDGV,0
1125,KLLKVIKKLL,1
1126,TASQAEWFKARRWQWRMKKLGA,0
1127,KWKSFLKTFKSAKKTELHTALKAISS,0
1128,TGRAKRRMQYNRR,0
1129,RRWRRWRRWRR,0
1130,KVALGVAQNYLNPQQ,0
1131,GLPVCGETCVGGTCNTPGCTCSWPVCTRN,1
1132,KLKNFAKGVAQSLLNKASCKLSGQC,0
1133,LCYCRRRFCVCVGR,1
1134,LLKKLLKKM,0
1135,WLNALKKVFQGIHEAIKLIWNHVQ,1
1136,WKSYVRRWR,0
1137,KWCRKWQWRGVKFIKCV,0
1138,IIGLVSKGTCVLVKTVCKKVLKQ,0
1139,FVGAIAAALPHVISAIKNAL,1
1140,GLKALKKVFQGIHKAIKLINNHVQ,1
1141,LCYCRRRFCWCV,1
1142,GLMDTIKGVAKNVAASLLEKLKCKVTGC,1
1143,IDWKKIFEKVKDLV,1
1144,GLLKNIKTLL,0
1145,INWKKIASIGKEVLK,1
1146,AKKVFKRLEKSFSKIQNDK,0
1147,GAHDILKYGKPS,0
1148,ILPWKWPKKPWRR,0
1149,FFSTSCRSGC,0
1150,KKPKLPWLPKK,0
1151,KWRRWIRWL,1
1152,GFWKKVGSAAWGGVKAAAKGAAVGGLNALAKHIQ,0
1153,GLFDIIKKIAESF,1
1154,WVKAAAKAAAKVW,0
1155,FWGALAKGALKLIPSLFSSFSKKD,1
1156,LPRRNRWSKIWKKVVTVFS,0
1157,RFGRFLRKIRRFRPKVTITIQGSARF,1
1158,GKKLFKKILKYLAGPAKKLFKKILKYL,1
1159,ACDFQQCWVTCQRQYSINFISARCNGDSCVCTFRT,0
1160,VRFKLLSHSLLVTLASHL,0
1161,SADQTGMNKAALSPIRFISKSV,0
1162,NVLSSVANGINRALSFFG,0
1163,FIFPKKNIINSLFGR,0
1164,GMASKAGSVAGKIAKFALGAL,0
1165,GLADYWRTAFRANFANLGPGIRCKSARC,1
1166,GVVVRVARVVVRWVRR,1
1167,CESCVWIPCISSVVGCSCKSKVCYKNGTLP,1
1168,AKKVFKRLEKLFSKIQNWK,0
1169,INWKKIKKKVAGML,0
1170,GVWTTILGGLKKFAKGGLEALTNPK,1
1171,RRWCFRVCYRGRFCYRKCR,1
1172,SWLRDIWDWKCEVLSDFK,0
1173,QKDDEEESRFFFNFIFSAE,0
1174,WKKWWKKW,0
1175,GKWMSWLKHILK,1
1176,FLGAIAGVAAKFLPKVFCFITKKC,1
1177,KIAKVALKAL,0
1178,LAYCRRRFCVAV,0
1179,RWKRWWRRKK,0
1180,LLQWLSKLLGRLL,1
1181,SVSNAATRVARTGRSRWRDVARNFMR,1
1182,FLGWLFKWAKK,0
1183,RVVRQWPIGRVVRRVVRRVVR,0
1184,KIRVRLSA,0
1185,FLPLLLAGLPKLLCLFFKKC,1
1186,WPVVIRTVVAGYNLYRAIKKK,0
1187,GLGSVLGKALKIGANLL,1
1188,GLWKGKLGLWKGKLGLWKGKL,0
1189,FWGALAKGALKLIVSLFSSFSKKD,1
1190,MESQSDAVQLMLGFGTFVLMLLGLVVELIKNSNKK,0
1191,LCYCRFRRCVCV,0
1192,GFFGKRKEYFKKFGASFKRRFANLKKRL,1
1193,GWKDLLKGAAKALVKTVF,1
1194,LLIAAFKKLVKK,0
1195,KWKLKPLLKKLLKKL,0
1196,GILDTLKQLGKAAAQSLLSKAACKLAKTC,1
1197,VKKFPWWWPFLKK,0
1198,FFFLRRIF,1
1199,KNVNSIVKIQAFFRARKAQDDYR,0
1200,GIGGALLSAGKSALKGLAKGLAEHL,0
1201,KAYSTPRCKGLFRALMCWL,0
1202,KWKFKKIPKFLHLAKKF,0
1203,GIFGKILGAGKKVLCGLSGLC,1
1204,IKIPAFVKDTLKKVAKGVISAVAGALTQ,1
1205,KKLFKKILKQL,0
1206,GLWSKIKTAGKSVAKAAAKAAVKAVTNAV,1
1207,FLPLFLPKIICEITKKC,0
1208,GLKGLLGKALKGIGKHIGKAQGC,0
1209,CGESCVWIPCISSAIGCSCKSKVCYRNGIP,1
1210,RVCSWIPLPICH,1
1211,TCRTNRPCFYDLDLNVCRCS,0
1212,AVNIPFKVHLRCKAAFC,0
1213,MLQDWLSSLGDLLKSLLDTVNKFTKK,1
1214,GLPWILLRWLFFRG,0
1215,GVVTDLLKTAGKLLGNLFGSLSG,1
1216,WKSDVRRWRSRY,0
1217,IWRIFRRIFRIFIRF,1
1218,FWGFLGKLAMKAVPSLIGGNKSSSK,1
1219,SFHVFPPWMCKSLKKC,0
1220,ILPWKWPWWPWRR,1
1221,RCPGHTRQIGTSFGPRVKSCRKW,0
1222,GWLQLALHLLQLGLHLLQLALQLRRR,0
1223,KIFGAIWPLALGALKNLIK,1
1224,RGRKGGRRKK,0
1225,GECIWDAIFHGAKHFLHRLVNP,1
1226,RRIRIIIRIRR,0
1227,KKLFKKILKYLKDEL,0
1228,NKKAGLFVVQFPKKY,0
1229,KKLFKKILKAL,0
1230,RKKKIKIIKKII,0
1231,LNALKKVFQKIHEAIKKI,0
1232,LGGIVSAVKKIVDFLG,0
1233,KKLFKKILKYLKFLHSAK,1
1234,WMLKKFRGMF,0
1235,ILPWKWPW,1
1236,VCRTGRSRWRDVCRNFMRRYQSR,1
1237,GLNALKKVFQGIHEAIKLINNHVK,0
1238,INWLRLGRRILGAL,1
1239,FLGFLKNLF,1
1240,KKLFKKILKGL,0
1241,GLPRKILAAIAKKKGKAKGPLKLVAKA,0
1242,ILGAILPLVSGLLSNKL,1
1243,LILGKLWKGVKSIF,0
1244,FVKKFWGGVKAIFKGARKGLK,0
1245,GFFALIPKIIS,0
1246,KKKKKFLLLQ,0
1247,AAAAAAAAAAGIGKFLHSAKKFGKAFVGEIMNS,0
1248,TKCFQWQRNMRKVRGPPVSCIKR,0
1249,AKRLKKLAKKIWKWL,0
1250,LKLLKWLLKLL,1
1251,RRWQWRMKK,0
1252,KWKSFLKTFKSAKKTVAHTALKAISS,0
1253,KKWRWWLKALAKK,0
1254,YKLLKWLLLKLKALLEKL,1
1255,GLLKRIKKLLKKIKKLL,1
1256,SAVWRHWRRFWLRKHRKH,0
1257,KLKKKFKLLQ,0
1258,KLWKKWKKWLK,0
1259,RKKKAKIIKKII,0
1260,FLHFLHHLF,0
1261,WLNALKKVFQGIHEAIKLINNHVQ,1
1262,FKRIVQRIKDFLRGIGKFLHSAKKF,1
1263,KLLKHKLLVTLA,0
1264,KKKKKKAAFAAWAAFDA,0
1265,ALWKTLLKKVLKAAAK,1
1266,CKYLLKWR,0
1267,GLLKKLLKIAAKVGKKLL,1
1268,TVVAGYNLYRAIKKK,0
1269,TISQAEWFKARRWQWRMKKLGA,0
1270,KKIASIGKEVLKAL,1
1271,KRIRKRIKKWLR,0
1272,GVVDILKGAAKDIAGHLASKVMN,0
1273,RRWQWRLCYCRRRFCVCVG,1
1274,GLLSKVLGVGKKVLCGVSGLC,0
1275,RLLRPLLQLLKQKLR,0
1276,EGRERDHELRHRRHHHQSPK,0
1277,FLKGIKGMLGKLF,0
1278,FLPVLAGVLSRA,0
1279,KKLLLFKKKQ,0
1280,RGLRRLGRKIAHGVKKYG,0
1281,RIGSILGRLAKGLPTLKSWIKNR,0
1282,IFKAIWSGIKSLF,1
1283,LKLKAIAALAKKKW,0
1284,MLSVSDAVQLMLGFGTFVLMLLGLVVELIKNSNKK,0
1285,KWKSFIKKLLSKFLHSAKKF,0
1286,KVLKAAAKAALNAVLVGANA,1
1287,RRRFVVQQNTISPRLQVNQRFLPNSVQQQI,0
1288,KKTWWKTWWTKWKK,0
1289,FFGSTIGALANFLPSLISKIRN,1
1290,GLFGKLIKKKGRKAISYAVKKARGKH,1
1291,KRLFKELLFSLRKY,1
1292,LKKKLFKKLQ,0
1293,KLLKWLLK,0
1294,KIKWILKYWKWS,0
1295,FLSLIPKAISAISALINHF,1
1296,KWKKLLKKPLLKKLLKKL,0
1297,KNIRRIIRKIIHIIKKYG,1
1298,GVFDIIKDAGKQLVAHATGKIAEKV,0
1299,RIRIIIRIR,0
1300,RFRRLRPKTRPRLKKI,0
1301,WKSYVRRWRS,0
1302,KRFKKWYKAWRKKWRKY,0
1303,FKHHIFRGIKHVGKTIHRLVTG,0
1304,GLFGVLAKVAAHVVAAIAEHF,1
1305,FKCRRWQWRWKKLGAKPVPIIYCNRRTGKCQRM,0
1306,KWKSFIKKLTDKFLHSAKKF,0
1307,FIGALLRPALKLLAGK,1
1308,ILPIKIPIIPIRR,1
1309,VARGWKRKCPLFGKGG,0
1310,LKLKSIVSWAKAVL,1
1311,RRWKIVVIRWRR,0
1312,SGKRWWRRKK,0
1313,WRNGRWWRNGRWWRNGRW,0
1314,INWLKIKKKVAGML,0
1315,KWKSFLKTFKSPARTVLYTALKPISS,1
1316,GKPRPYSPRPTSHPKPIRV,0
1317,QADFQKVVAGVANALAHRYH,0
1318,PCRGRSCGPRLRGGYTLIGRPVKNQNRPKYMWV,0
1319,CAESCVYIPCTVTALLGCSCSNRVCYNGIP,1
1320,RIKRFWPVVIRTVVAGYN,0
1321,FLPVIAGAANFLPKLFCAISKKC,1
1322,KWKLFKKIEKVGQGIGAVLKVLTTGL,1
1323,RLWLAIGRG,1
1324,KKKKKKIIKKII,0
1325,ILPWKWPWWPWRR,1
1326,GIKDWIKGAAKKLIKTVASHIANQ,1
1327,VHVPPICSHRECRK,0
1328,RIKRFWPVVIRTV,0
1329,KFASKGLGKDLAKLGVDLVACKISKQC,0
1330,FYTHVFRLKKWMQKVIDRFGG,0
1331,RKKRWWRRKK,0
1332,FFPGIIKVASAILPTAICAITKRC,1
1333,FLSLIPHAINAVSAIAKHN,0
1334,GEKLKKIGQKIKNFFQKL,0
1335,KLLKLLLKLLLKLLK,1
1336,KWCFRVCYRGICYRRCR,1
1337,CIAKGNGCQPSGVQGNCCSGHCHKEPGWVAGYCK,0
1338,RLCRIVWVIRVCR,0
1339,LFKKNKLWFKSKKWL,0
1340,GWGSFFKKAAHVGKHVAKAALTHYL,0
1341,KWKLFKKIPKFLHSAKKF,0
1342,HLNKRVQRELRGWLDWLK,0
1343,KRKKLLKRLL,0
1344,GLTRLFSVIK,0
1345,IWLTALKFLGKHAAKHLAKQQLSKL,1
1346,FIFHIIRFFNFRVFRI,0
1347,RGLRRLGRKIAHGVKKYGATVLRIIRIA,1
1348,FLPAVIRVAANVLPTVFCAISKKC,1
1349,RGGRLAYARRRFAVAVGR,0
1350,GVVDILAGAAKDIAGHLASKVMNKL,0
1351,RGGRLCYCRRRFCVCY,1
1352,YKLLKLLLPKLKGLLIKL,1
1353,GIMISLMKKLAAHIAK,0
1354,KWKKFKKIGKVLKVL,0
1355,VGKVLKQLKKVSAVAKVAMKKGAALLK,0
1356,ILPWKWKWWPWRR,1
1357,FLPAVLRVAAQVVPTVFCAISKKC,1
1358,FFHHIFRGIVHVGKTIHKLVTG,1
1359,VNFKKLLGKLLKVVK,1
1360,KKPKKPWKPKK,0
1361,KNLRRIIRKGIHIIKKYG,0
1362,KLLKKFLKKQ,0
1363,GFRDVLKGAAKAFVKTVAGHIAN,1
1364,RRWYRWWR,0
1365,FIGALLGPLLNLLK,1
1366,GLWNTIKEAGKKFALNLLDKIRCGIAGGCKG,1
1367,RRFWHRAH,0
1368,IDGLKAIWKKVADLLKNT,0
1369,FLGFLKNLF,1
1370,IKKILSKIKKLLK,0
1371,LKLFKKILKYL,1
1372,GAARKSIRLHRLYTWKATIYTR,0
1373,ILGKLLSTAWGLLSNL,1
1374,RKKKKKIIKKLI,0
1375,GVVVRVGRVVVRWVRR,1
1376,IRTVVAGYNLYRAIKKK,0
1377,FSPQMLQDIIEAATAIL,0
1378,GLLKWIKKLL,1
1379,SNWLKLGKKMMSAL,1
1380,GIGAVLWVLTTGLPALISWIKRKRQQ,1
1381,RYPAVGYT,0
1382,FLSAITSLLGKLL,1
1383,PKVTITIQGSARF,0
1384,GMWSKIKNAGKAAAKAAAKAAGKAALDAVSEAI,0
1385,FLKALFKVALKVL,1
1386,KLLKKFKLKQ,0
1387,RRLMAAKAESR,0
1388,YCSYTMEA,1
1389,FLSTLLNVASKVVPTLFCKITKKC,1
1390,GFKDLLKGAAKALVKTVLK,0
1391,AILTTLANWARKFL,1
1392,KKKKKKKKKKGIGKFLHSAKKFGKAFVGEIMNS,0
1393,LKLKSIVSWALKVL,1
1394,LRFLRRILRRLL,1
1395,MAARAARLAARLARLALRAL,0
1396,KWKKLPKKLLKLL,0
1397,LGRVDIHVWDAVYIRGR,0
1398,GLNALKKVSQGIHESIKLINNHVQ,0
1399,RGLRRLGRKIAHGVKKYGPTVLRIIRTAT,1
1400,NILSSIANGINRALSFFG,0
1401,SLLSLIRKLIT,0
1402,RIWKIWWKR,0
1403,SGTSEKERESGRLLGVVKRLIVCFRSPFP,1
1404,GECIWDAIFHGAKHFLHRLVNP,1
1405,LLKKLLKKLLKKLLKK,1
1406,ILPWKLPWWPWRR,1
1407,LLGMIPVAIKAISALSKL,1
1408,KKLFKKILKLL,0
1409,RILTMTKRVKMPQLYKQIVCRLFKTC,0
1410,KWKSFAKTFKSAKKTVAHTALKAISS,0
1411,LCYTRPRFTVCV,0
1412,AWASFFKKAAHVAKHVAKAALTHYL,1
1413,LRRLKPLIRPWLRPLRRWWW,0
1414,GWLDVAKKIGKAAFNVAKNFI,1
1415,FVQWFSKFLGRIL,1
1416,KKWRKWLAKK,0
1417,KKLKKFLLKQ,0
1418,INWKKMAATALKMI,1
1419,IISTIGKLVKWIIKTV,1
1420,LSVKAFTGIQLRGVCGIEVKARG,0
1421,GKKLFKKILKYLAGPAGIGKFLHSAK,0
1422,KKLFKKILKKL,0
1423,KKVVFKVKFKK,0
1424,FFHHIFRPIVHVGKTIHRLVTG,1
1425,PFKLSLHL,0
1426,SAVWRWRRFWLRKRK,0
1427,AVVKVPLKKFKSIRETMKEKGLLEDF,0
1428,FKAFRWAWRWKKLAAPS,0
1429,AKKVFKRLEKSFSKIQNDK,0
1430,LCAAHCLAILRR,0
1431,KLWKKWKKWKK,0
1432,FLGPIIKMATGILPTAICKGLKKC,0
1433,HNSSKQWSHWLWHNGIRI,0
1434,RRLGLWLGLRR,0
1435,GLLRRLRDFLKKIGEKFKKIGY,0
1436,DYSIRTRLHQESSRNVF,0
1437,GIGKHVGKALKGLKGLLKGLGES,0
1438,KKKAARALKRAL,0
1439,FKTWKRPPFQTSCSGIIKE,0
1440,FLPPSPWKETFRTT,0
1441,INLKALAALAKALL,1
1442,RRWHRWWRR,0
1443,VDNANDLLSKVKKDKSD,0
1444,GWWRRTVDKVRNAGRKVAGFASKACGALGH,0
1445,KKIMRTFLRR,0
1446,NALSSPRNKCDRASSCFG,0
1447,RRPRPRPRPFFFF,0
1448,FLSMIPHIAGGIASLVKNL,0
1449,FFLLPIPNDVKCKVLGICKS,0
1450,SSMKLSFRARAYGFRGPGPQL,0
1451,LVQRGRFGRFLRKIRRFR,0
1452,KWKLFKKIKFLHSAKKF,0
1453,GLPTCGETCFKGKCYTPGCSCSYPICKKN,1
1454,AKKVFKRLEKLFSKIWNWK,0
1455,KLLAKAALKWLLKALKAA,1
1456,QQRKRKGIGAVLKVLTTGLPALISWI,0
1457,GLPGPLGPAGPK,0
1458,FWGALAKGALKLIGVSLFSSFSKKD,1
1459,LKKKKFKLLQ,0
1460,RGRRSSRRKK,0
1461,KKLKLFKLKQ,0
1462,FKRLEKLF,0
1463,IFSAIAGLLSNLL,0
1464,GKVLDKFGKIVGKVLKQLKKVSAVAKV,1
1465,FPLTWPTKWWKG,0
1466,RRRRRRWFWFWF,1
1467,ANLDAIIKIQAWARMWAARRQYL,0
1468,ANVGFVIQLQARLRGFLVRQKFA,0
1469,FKKLKKLFSKLWNWK,0
1470,FASGIAGMAGKLF,1
1471,RPPHPRL,0
1472,ALWKTMLKKLGT,1
1473,VKKFPWWWPFLKK,0
1474,LRRLWLRANRL,0
1475,ELSKAVRLIK,0
1476,KWCFRVCYRGICYRRC,0
1477,DSHAKRHHGYKRKFHEKHHSHRGY,1
1478,AKKVFKRLRKLFKKI,0
1479,INWLKLGKKMMSAL,1
1480,IFGAIWSGIKSLF,1
1481,WRHWRRFWHR,0
1482,LKKKKFLKLQ,0
1483,LLKAAAKAAAKLL,0
1484,FLSSIGKILGNLL,1
1485,GRPNPVPNPRPPHPRL,0
1486,RKKRKKLLKRLI,0
1487,RFRRLRKKFRKRLKKI,1
1488,RKKTRKRLKKIGKVLKWI,0
1489,KDWEHLKDWEHLKDWEHLKDEL,0
1490,KKAAASAAAAASAAWAASAAAKKKK,0
1491,FFGHLFKLATKIIPSLFQRKKE,1
1492,RAYCRRRFCVAR,0
1493,FLKLIPRKIVTAL,0
1494,KKKLKFKLLQ,0
1495,GKLEVLHSTKKFAKGFITGLTGQ,1
1496,KKIVQKIKDFLK,0
1497,FLKGIVGMLGKLL,1
1498,GLFGVLAKVAAHVVPAIAEHF,1
1499,PKLLKKFLKKWIG,1
1500,FLPAVLKVAAHILPTAICAISRRC,1
1501,KIKGAIKWKGAIKIKGAI,0
1502,RLLRRLRRLLR,0
1503,YRAWRWAWRWR,0
1504,FLFKLIPKVIKGLVKAIRK,1
1505,KKLTLWLTLKK,0
1506,FLAKAVAKAAAKALAKAL,0
1507,FLGFLHHLF,1
1508,FLGALFKALSKVL,0
1509,IKWKAILDAVKKVI,0
1510,MKWKIGKKIGIGKFLHSAKKFN,0
1511,INWLKLGKKMMSAI,1
1512,KKAAHVGKHVGKAALTHYL,0
1513,GLLKRAKTLL,0
1514,DAAVEPELYHWGKVWLPN,0
1515,GFKDLLKKAAKALVKTVLF,1
1516,IKKILSKIKKWWK,0
1517,KKLFKKILKYLAGPAKKLFKKILKYLAGPA,1
1518,IWLTALKFLGKNLGKHLAKQQLAKL,1
1519,AKAFKKAFEKLAAVVPFGGT,0
1520,RRFPFFPFKFPLI,1
1521,INFLKLGKKILGAL,1
1522,TTSIRRRYQVSLIRRHRGKR,0
1523,KLALKLALKAWKLALKAA,1
1524,KLLGPLLKIAAKVGSNLL,0
1525,KWKLFKKIFKRIVQRIKDFLR,1
1526,YCNGKRVCVCR,0
1527,GLLGLLGSVVSHVVPAIVGHF,1
1528,GILSSLLKKLKKWIAK,1
1529,GIWDTIKSMGKVFAGLILQNL,1
1530,CRRWQWRC,0
1531,YYHFWHRGVTKRSLSPHRPRHSRLQR,0
1532,CGESCVWIPCTITALAGCKCKSKVCYNSIP,1
1533,APAHRSSTFPKWVTKTERGRQPLRS,0
1534,FLPGLECVW,0
1535,GWKSVFRKAKKVGKTVGGLALDHYL,1
1536,PRPPHPPRPPHPPRPPHPPRPPHPRL,0
1537,KKLFKKILKYLKKLFKKILKYL,1
1538,WLRRIKAWLRRIKA,1
1539,LRWLRRL,0
1540,CGESCVWIPCLTSAVGCSCKSKVCYRNGIP,1
1541,FFGTLFKLGSKLIPGVMKLFSKKKER,1
1542,FRFKFRFK,0
1543,QKAVLDCLKAAGSSLSKAAITAI,0
1544,GIGKLFLHAAKKFAKAFVAEKMNS,0
1545,RNCTWLFSTKLKLPA,0
1546,HKKHKKHKKHKKHKKHKKHKKHKK,0
1547,ILPWKWPKLPWRR,0
1548,ALWKTMLKKLGTMALHAGKAALGAAANTISQGTQ,1
1549,KQLIRFLKRLDRNLWGLA,1
1550,LLPALISWIKRKRQQ,0
1551,KKTWWKTWWTKWSQPKK,0
1552,GFMSKVANFAKKFAKGGVNAIMNQK,1
1553,FFVLKFLLKWAGKVGLEHLACKFKNWC,1
1554,CTCSWPVCTRNGLPVCGETCVGGTCNTPG,0
1555,GKKLGLWLGLKKG,0
1556,GIGAILKVLATGLPTLISWIKNKRKQ,1
1557,FLSLIPHIVSGVASLAKHF,1
1558,KIAGKIAAIAGKIAKIAGKIAKIA,1
1559,SKKLFKKILKYLAGPAKFLHSAK,0
1560,RWCVYAYRRVRGVLVRYRRCW,0
1561,RLKKWMQKVIDRFGG,0
1562,FKKLKKIANIINSIFKK,0
1563,FIHHIIGGLFSVGKHIHGLIHGH,0
1564,GRRPRPRPRPWWWW,0
1565,KWKVFKKIEKMARNIRNKIVK,1
1566,LKKLLFKKKQ,0
1567,GLLKKIKWLL,1
1568,FKLFKKIPKFLHLAKKF,0
1569,FLPVIAGVAANFLPKLFCAISKKC,1
1570,RKKKLKVVKRLV,0
1571,CGESCVYIPCLTSAIGCSCKSKVCYRNGIP,1
1572,RSTEDIIKSISGGGFLNAMNA,1
1573,RRWPLKPKKWPLI,0
1574,RKKRLKLLKRLL,0
1575,ACYCRRRFCVCVGR,1
1576,WIKAAAKAAAKIW,0
1577,GIGKALHSAKKFGKAFVGEIMNS,1
1578,GVFDIIKGAGKQLIAHAMGKIAEKV,0
1579,FFPGIIKVAGAILPTAICAITKRC,1
1580,GLFGKLIKKFGRKAISYAVKKARGKH,1
1581,ALGALFKVASKVL,0
1582,KKKKLFLKLQ,0
1583,GVVDILKGAAKDLAGHLATKVMNKL,0
1584,MMRVMRRKTKVIWEKKDFIGLYSID,1
1585,RVKRVWPLVIRTVIAGYNLYRAI,1
1586,GKAMSLLKHILK,1
1587,WGHKLRSSWNKVKHAVKKGAGYASGACRVLGH,1
1588,VLPLVGNLLNDLL,1
1589,RLGTALPALLKTLLAGLNG,1
1590,ILGPVLGLDGNALGGLIKKI,0
1591,INWLKLGKAIIDAL,1
1592,GFGSFLGSLFKTGLKIIPKLLPSIQQ,1
1593,AKRHHGYKRKFH,1
1594,FLGAIAAALPHVINAVTNAL,1
1595,ALWKNMLKGI,1
1596,RLLRKFFRKLKKSV,0
1597,FLPILAGLAAKLVPKVFCSITKKC,1
1598,GLLKRIKSLL,0
1599,ISGPVLGLVGNALGGLIKKI,0
1600,GIMSSLMKKLKKIIKK,0
1601,RAGLQFPVGRVHRLLRK,0
1602,GKWMHLLKHILK,1
1603,GIMNTVKDVATGVATHLLNMVKCKITGC,1
1604,FLPVILPVIGKLLSGIL,1
1605,IKLSKETKDNLKKVLKGAIKGAIAVAKMV,1
1606,CSCKNKVCYRNGVIPCGESCVFIPCISTLLG,0
1607,GLVTSLIKGAGKLLGGLFGSVTGGQS,1
1608,FLPIVGKLLSGLF,1
1609,GILSSLLKKWKKIIAK,0
1610,LRFLKKALKKLF,1
1611,LRQSQFVGSR,0
1612,WKSYVRRWRSRY,0
1613,ALWMTLLKKVLKA,1
1614,RKKRVKLLKRLV,0
1615,GRKKRRQRRRPPQ,0
1616,CRRWWRFC,0
1617,GNNRPVYIPQPKPPHPRL,0
1618,FKRWVQRWKRFLR,1
1619,GVVVRWGRVIVRGVRR,0
1620,RKKRKKLLKRLL,0
1621,RRWRWWWRWRR,0
1622,WKSYVRRWRSRY,0
1623,ILPWKKPKKPKRR,0
1624,INWKKLGKKILGAL,1
1625,WLNAKRHHGYKRKFH,0
1626,GLPVCGETCTLGTVYTQGCTCSWPICKRN,1
1627,SIRDKIKTIAIDLAKSAGTGVLKTLICKLNKSC,0
1628,GKLWLKGGKLWLKG,0
1629,KKVLKAAA,1
1630,KIAGKIAKIAGKIAKIA,0
1631,GLPVCGETCVGGTCNTPGCTCSWWPVCTRN,1
1632,IHKFWRRWFKHI,0
1633,CGESCVWIPCISAAVGCSCKSKVCYKNGTLP,1
1634,GATYAKKIIKTITKIATTAW,0
1635,GILKSLLKKLKKIIAK,0
1636,FFWHHIGHALDAAKRVHGMLSG,0
1637,YKQCHKKGGKKGSG,1
1638,FLPFFAACAITRKCGK,0
1639,ALWKTLLKKVLKAAAKAALKAVLVGANA,1
1640,FLPIIAGMAAKVICAITKKC,1
1641,KWKSFLKTFKSASKTVLHTALKAISS,0
1642,FLGALWNVWKSVF,1
1643,VWRKWRRFWKR,0
1644,GFWGKLFKLGLHGIGLLHLHL,1
1645,DSHEKRHHGYKRKFHEKHHSHRGY,0
1646,KGIRGYKGGYCKGAFKQTCKCY,0
1647,IKKWWSKIKKLLK,0
1648,VGTIIKIIKAIIDIFAK,1
1649,FIFHIIKGLFHAGKMIHGLVT,1
1650,GLLKLIKTLL,1
1651,RVVRQWPIGRVVRRVVRRVVRF,0
1652,SILGKLWKGVKSIF,0
1653,KLALKAAAKAWKAAAKAA,1
1654,WGIRRILKYGKRS,0
1655,RCVCRRGVCRCVCRRGVC,0
1656,IKIPPIVKDTLKKVAKGVLSTIAGALST,0
1657,TLIWEFYHQILDEYNKENKG,0
1658,ISSPLFKTLLSAVGSALSSSGGQE,0
1659,KWLRRVWRWWR,1
1660,GLPTCGETCTLGTCYVPDCSCSWPICMKN,1
1661,GLNALKKVFQGIHEAIKLINKHVQ,1
1662,AKKVFKRLGIGAVLKVLTWG,0
1663,YKAWRWAWRWK,0
1664,RFGRFLRKIRRFRPKVTITIQGSARFG,1
1665,GVLDTLKNVAIGVAKGAGTGVLKALLCQLDKSC,1
1666,RGGGLCYCRRRFCVCVGR,1
1667,KKFGGGKTERARKAMAVE,0
1668,GVVDILKGAAKDIAGHLASKVM,0
1669,GLPVCGETCTLGTCYTQGCTCSWPICKRN,1
1670,QRSVSNAATRVCRTGRSRWRDVCRNFMRR,1
1671,GLLKRIKVLL,1
1672,LPFFLLSLIPSAISAIKKI,1
1673,KLKLLFKKKQ,0
1674,WGIHRILKYGKPS,0
1675,GFMKYIGPLIPHAVKAISDLI,0
1676,IKKWLSKIKKLLK,0
1677,GIGAVLGVLTTGLPALISWIKRKRQQ,1
1678,KKWKKWKKWKK,0
1679,IIRKIIRK,0
1680,FVDLKKIANIINSIFGK,1
1681,GSKKPVPIIYCNRRTKCQRM,0
1682,GFKRIVQKIRDFLRNLV,1
1683,MLLKKLLKKLLKKM,1
1684,GVVDILKGAAKDAAGHLASKVMNKL,0
1685,GVCRCVCRRGVCRCVCRR,0
1686,KKKKWKLFKKIGIGKFL,0
1687,DATPHAALFFTVKDHTAGDN,0
1688,FFGHLFKLATKIIPSLFQ,1
1689,KKLFKKILKYLAGPALYKLIKKFLKKKDEL,1
1690,WGEAFSAGVHRLANGGNG,0
1691,RRWQWRMKKLG,0
1692,GIMDTLKNLAKTAGKGALQSLLNKASCKLSGQC,1
1693,GILDTLKQFAKGVGKDLVKGAAQGVL,0
1694,KPYLKRFQVYYKGRMWC,0
1695,VCGETCVGGTCNTPGCTCSWPVCTRDGLP,1
1696,KLLKQWPIGKLLKKLLKKLLK,0
1697,RIRFPWPWRWPWWRRVRG,1
1698,GIIKKIIKKIIKKI,1
1699,ILGKILEGIKSLF,0
1700,GSKKPVPIIYCNRRKCQRM,0
1701,HFLGKLVNLAKKIL,1
1702,FFHHIKRGIVHVGKTIHRLVTG,0
1703,GKPYGNAYLGLRPKYSRWL,0
1704,KGRGKQGGKVRAKAKTRSS,0
1705,VFLGNIVSMGKKI,0
1706,GMWSKILGHLKR,1
1707,RRIRPRPPRLPRPRPRPLPFPRPGPRPIPRPLPFP,0
1708,KWKKLLKKLLKLLKKLLK,1
1709,GIHDILKYGKAS,0
1710,FFHHIFRGVVHVGKTIHRLVTG,1
1711,KWKKLLKKLLKLL,1
1712,IDWKKIFEKVKNLV,1
1713,GIGAVLKVLTTGLPALISWI,1
1714,IKLSPKTKDNLKKVLKGAIKGAIAVAKMV,1
1715,GLKKIFKAGLGSLKKGIAAHVAS,0
1716,YSKSLPLSVLNP,0
1717,GWASSIGSILGKFAKGGAQAFLQPK,1
1718,VNWKKILKKIIKVVK,1
1719,GACRAIRHIPRRIR,0
1720,AAGLAMLFLGILSAAGSTMGARA,1
1721,KVANTVQKLKRKAKNAV,0
1722,IPCGESCVWIPCISGMFGCSCKDKVCYS,1
1723,GWLDVAKKIGKAAFNVAKNFL,1
1724,IKKIWSKIKKWWK,0
1725,FAHHIFRGIVHVGKTIHRLVTG,0
1726,LKIAKGIIKSL,0
1727,GLNALKKVFQGIHEAIKLFNNHVQ,0
1728,NIWKKIASIAKEVLKAL,1
1729,GLNALKKVFQGIHKAIKLINNHVQ,1
1730,FLPLLFGALSTLLPKIF,1
1731,DFKDWMKTAGEWLKKKGPGILKAAMAAAT,0
1732,GLLKRIK,0
1733,ENAEEDIVLMENLFCSYIVGSADSFWT,0
1734,LKLIPRKIVTAL,0
1735,GFWSSVWDGAKNVGTAI,0
1736,KWKKLLKKLLKLLKKLLKKLKKLLK,1
1737,KKFWEDDG,0
1738,KKLFKKILKFL,1
1739,FLPFVGNLLNGLL,1
1740,GKKLFKKILKYLAGPAKKLFKKILKYLKDEL,1
1741,GLVGTLLGHIGKAILS,1
1742,HLNKRVQRLLIRWLRWLK,0
1743,FLGAVFKALSKLL,0
1744,FRRPFKWFRRFFKFF,1
1745,LRKLKKILKKLF,0
1746,IPPFIKKVLTTVF,1
1747,VCGETCFGGTCNTPGCSCTWPICTRDGLP,1
1748,GIWKKWIKKWLKKLKNLF,1
1749,NALSMPRNKCNRALMCFG,0
1750,SIPCGESCVFIPCTVTALLGCSCKSKVCYKN,0
1751,KKLKLFLKKQ,0
1752,RLRKAVRLIK,0
1753,GLPALISWIKRKRQQ,0
1754,KWKLFKKIAKKFAKAFVAEIM,1
1755,KLLKKFKKLQ,1
1756,INWKKIFESVKNLV,1
1757,HFLLTLVNKAKKIL,0
1758,TSFLNELNKYNEKKFI,0
1759,INWKKLLDAAKQIL,1
1760,GFRKFHKFWA,0
1761,FKARRWAWRMK,0
1762,FLPLLLAGLPSFLCLVFKKC,0
1763,FRRFRKWFRRFLKLF,1
1764,GIMSIVKDVAKTAAKEAAKGALSTLSCKLAKTC,0
1765,NPEKALEKLIAIQKAIKGMLNGWFTGVGFRRKR,0
1766,VDKPDYRPRPWPRPN,0
1767,KQKLAKLKAKLQKLKQKLAKL,0
1768,ALWKTMLKKLGTMAL,1
1769,KWKIFKKIEKVGRNIRNGIIKAVAVLGEAKAL,0
1770,IRIRCRRRFCRIRI,0
1771,IWSFLIKAATKLLGVGSLFGGGKKDS,1
1772,GLLTRIKTLL,0
1773,LLKLLKWLLKLLK,0
1774,RGGRLCYCRRRFCVCW,1
1775,VWPLVIRTVIAGYNLYRAIKKK,1
1776,RWFKIQMQIRRWKNKK,1
1777,GIHDILKYAKPS,0
1778,IKKILSKIKKWLK,0
1779,FIGAIARLLSKIF,1
1780,GLLPLLSLLGKLL,1
1781,ALWKNMLKGIGKLAGK,1
1782,FAGAAFKALSKLL,0
1783,FLPVIASVAAKVLPKVFCFITKKC,1
1784,GWQLLALHLQLLGLHLLQLALLQRRR,0
1785,RKRWWWWFR,0
1786,AMWKDVLKKIGTVALHAGKAALGAVADTISQ,1
1787,FMPILSCSRFKRC,0
1788,CVKVSVKVGSGVKVSVKVC,0
1789,KISKRILTGKK,0
1790,GVVVRVGRVVVRWV,1
1791,KWKLFKKISKFLHLAKKF,1
1792,INWKKIKKKVKGML,0
1793,GLSALISWIKRKRQQ,1
1794,KWCFCVCYRGICYCRCRG,0
1795,FIPLVSGLFSRLL,0
1796,IASKVANTVQKLKRKAKNAV,0
1797,GLLKRIKNLL,0
1798,RVKRVWPLVIRTVIA,0
1799,GFLDVVKHIGKAALGAVTHLINQ,1
1800,FFLLSLIPSAISAIKKI,1
1801,ALWKKILKNAGKAALNKINQIVQ,1
1802,FKRIVQRIKDFLRGIGKFLHSAKKF,1
1803,GFLSILKKVLKKVMAHMK,1
1804,WLGALFKVASKVL,1
1805,GAALAGLAKILCLWAKEFTGAFKKLNKKFAMKKK,1
1806,VRVKVRVK,0
1807,FIVPSIFLLKKAFCIALKKC,1
1808,ASENGKCNLLCLVKKKLRAVGNVIKTVVGKIA,0
1809,GVVDILKGAAKDIAGALASKVMNKL,0
1810,GIPCAESCVYIPCTVTALLGCSCSNRVCYN,1
1811,AARIILRRRFR,0
1812,ILGKIWEGIKSLF,1
1813,KNWGAILKHIIK,1
1814,GVLDILKGAAKDLAGH,0
1815,KKWRKLLKWLAKK,0
1816,GIGKFLHAAKKFAKAFVAEIMNS,1
1817,FVPAILCSILKTC,0
1818,NLLNKALGTVNGLLGRS,1
1819,GWLDVAKKKGKAAFNVAKNFI,1
1820,NRFTARFRRTPWRLCLQFRQ,0
1821,SKVWRHWRRFWHRAHRLH,0
1822,RLSRIVVIRVSR,0
1823,GKWMSKLKHILK,1
1824,GMASLWAKVLPHVVKLIK,1
1825,GILSSLWKKLKKIIAK,1
1826,TSVRQRWRWRQRVRTS,0
1827,RRRFVAQQNAIHSRVSRQVPTLSNSV,0
1828,WLNALKKVWQGIHEAIKLIWNWVQ,1
1829,FFSMIPHIATGIASLVKNL,1
1830,GLVTGLLNTAGGLLGDLFGSLSG,1
1831,AKKVFKRLEKLFSKIQN,0
1832,RRRRRRRRRRGIGKFLHSAKKFGKAFVGEIMNS,0
1833,RWKIFKKIEKVGQNIRDGIVKAGPAVAVVGQAATI,0
1834,GIGAVLKVLTTGLCALISWIKRKRQQ,1
1835,GIRCPKSWKCKAFKQRVLKRLLAMLRQHAF,1
1836,IIGPVLGLVGSALGGLLKKI,1
1837,KKYRYHLKPFSKK,1
1838,RKFLRRRGEVAHFSQKSLGLYCWWW,0
1839,RRWWHWWRR,0
1840,KWKLFKKIGKVLKKL,0
1841,FLPVLAGVLSRA,0
1842,RIVQRILKWLKKWYKLGK,1
1843,GLLDLLKLLLKAAG,1
1844,GRRPRPRPRPFFFF,0
1845,GLPVCGETCVGGTCNTPGCSCSWPVCFRN,1
1846,GLPTCGETCTLGKCNTPKCTCNWPICYKD,1
1847,RKKRKKLIKRLI,0
1848,VNWRRILGRIIRVVR,1
1849,RLMAAKAESRK,0
1850,KKLFKKILKEL,0
1851,GWLQLAQHLLQLGQHLLQLAQQLRRR,0
1852,APVPFSCTRGCLTHLV,0
1853,IIGPVLGLIGKALGGLL,1
1854,VFIDILDKMENAIHKAAQAGIG,1
1855,GLFGVLAKVAAKVVPAIAKHF,1
1856,SMLSVLKNLGKVGLGFVKCKINKQC,1
1857,GIWSSLLKKLKKIIAK,1
1858,VNWKKIILGKIIKVVK,1
1859,KFLHLAKKFPKWKLFKKI,0
1860,KWKLFKKIPLHLAKKF,0
1861,GRSRWRDVCRNFMRRYQSRVIQGLV,1
1862,HLNKRVQRELIRWLDWLK,0
1863,FLSLIPHIVSGVASIAKHF,1
1864,GLLARIKTLL,0
1865,KWKLFKKIPKFLH,0
1866,INWKKIFEKVKNLV,1
1867,KRLFKKLKFSLRKY,1
1868,RWCVYARRRGVRYRRCW,0
1869,WMLKKFRGMF,0
1870,FFHHIFRGIVHIGKTIHRLVTG,1
1871,CYCRRRFCVCVGR,0
1872,HFLGTLVNLAKKKL,0
1873,PRCRRRFCRP,0
1874,FLSMIPHIVSGVAALAKHL,1
1875,FLTGLIGGLMKALGK,1
1876,FDVMGIIKKIASAL,1
1877,FLGALWKVASK,0
1878,RVKRVWPLVIRTVIAGYNLYRAIKKK,1
1879,NILNTIINLAKKIL,1
1880,AKKVFKRLEKLFSKIQNDK,0
1881,FLPLLLSALPSFLCLVFKKC,1
1882,FLPLLLASLPSFLCLVFKKC,1
1883,INWKKIASIGKEV,1
1884,GILSSIKGVAKGVAKNVAAQLLDTLKCKITGC,1
1885,FWGALAKGALKLIGSLFSSFSKKD,1
1886,KKLLKGLLKGW,0
1887,SRSELIVHQR,0
1888,TKKTKLTEEEKNRL,0
1889,GLKKIFKAGLGSLVKGIKAHVAS,0
1890,FLPLIASLAANFVPKIFCKITKKC,1
1891,SNWKKIASIGKEVLKAL,1
1892,FWGALAKGALKLIGPGSLFSSFSKKD,1
1893,GKEFKRIVGRIYRLCCR,0
1894,KILGKLWKGVKSIF,0
1895,KWKSFLKTFKSAEKTVLHTALKAISS,0
1896,KRCKNKMEGDDVAVSGRGARKAAKK,0
1897,HFLLTLVNLKKKIL,0
1898,GFLSILKKVL,1
1899,INWLAIAKKVAGML,1
1900,KWKSFLKTFKSAKKTALHTALKAISS,0
1901,GFRDVLKGAAKAFVKTVAGHIAN,1
1902,SSLLEKGLDGAKKAVGGLGKLGK,0
1903,GFIFHIIKGLFHAGKMIHGLV,1
1904,GVVAILKGAAKDIAGHLASKVMNKL,0
1905,RRLRPRRPRLPRPRPRPRPRPR,0
1906,GFWGKLWKPVKKAI,0
1907,GKWSKILGHLIR,1
1908,GKFMSLLKHILK,1
1909,RFRRLRWKTRWRLKKI,0
1910,LCAALCLAIGRR,0
1911,KWKLFKKILKFLHLAKKF,1
1912,IWRIFRRIF,1
1913,GMASLLAKVLPHVVKLIK,1
1914,GFKDLLKGAAKALVKTVLF,1
1915,ILPWKWPWWPWAR,1
1916,KWKKLLKKLLKLLKKLLKKLK,1
1917,KRFKKFFKKLKKFVKKGFKKFAKV,0
1918,FFSLIPSLVGGLISAFK,0
1919,FLSLIPKIAGGIAALAKHL,1
1920,GLPALISWIKRKRQQG,1
1921,GKPRGNARLGLRPKRSRWL,0
1922,FVQWFSKFLLRIL,1
1923,GLPTCGETCTLGKCNTPKCTCNWPICYKN,1
1924,MGIIAGIIKVIKSLIEQFTGK,1
1925,RKHGFLNLQGIFGDYYHFWHRGV,1
1926,APDRPRKFCGILG,0
1927,AWLLAIRKR,0
1928,VWRKWRRFW,0
1929,KKKLLFKKLQ,0
1930,GRGREFMSNLKEKLSGVKEKMKNS,0
1931,GKYTCGETCFKGKCYTPGCTCSYPICKKD,1
1932,AKKKLSRWWLRWWVK,0
1933,GVWSTILGGLKKFAKGGLDAIVNPK,1
1934,ALLKLAPRLLAGIF,0
1935,GIGKFLHSAKKAGKAFVGEIMNS,1
1936,RRRRRRRKDVY,0
1937,GKLSSLWKKLKKIIAK,0
1938,LKLKLFKKKQ,0
1939,KIGAKIKIGAKIKIGAKI,0
1940,INLKAIAALAKKLL,0
1941,KKLLPIVANLLKSLL,0
1942,ILPKKWPKLPWRR,0
1943,FLPLLAGLAANFLPTIICKISYKC,0
1944,FLPLLAGLAANFLPKIFCKITRKC,1
1945,MESVSVAVQLMLGFGTFVLMLLGLVVELIKNSNKK,0
1946,IVNHLVKLFDKGLNSIVNLR,0
1947,KKLFKKILKWL,1
1948,LCAAHCLAIRRR,0
1949,WKLFKKILKVL,1
1950,DNVYSRPPQRFGQNVIS,0
1951,GIHAILKYGKPS,0
1952,ALWKDLLKNVGKAAGKAVLNKVTDMVNQ,1
1953,RSNKGFNFMVDMIQALSK,0
1954,GIGGALLSAGKSALKGLAKGLAEHF,0
1955,AKKKGKCKGPLKLVAKC,0
1956,CGESCVWIPCISAVVGCSCKSKVCYKNGTLP,1
1957,ALYKKLLKKLLKSAKKLG,0
1958,FLPLLLAGLPKFLCLVFKKC,1
1959,GKWMTLLKHILK,1
1960,VWRHWRRFW,0
1961,GRFRRLRKKTRKRLKKIGKV,0
1962,RLLFRKIRRLKR,0
1963,GLPALSSWIKRKRQQ,0
1964,LRRLRKWLRRLLKLL,1
1965,FFHHIFDPQIKSGLLVSMYD,0
1966,ILGPVISTIGNALGGLLKNL,1
1967,KRRKAIKILKLIAKAIRKKR,0
1968,QPEWFKARRWQWRMKKLGA,0
1969,KKKVVFKVKFK,0
1970,SLLSLINKLIT,1
1971,GLPALILWIKRKRQQ,0
1972,GIPCAESCVWIPCTITALMGCSCKNNVCYNN,1
1973,GVVVRVGRVVVRGVRR,0
1974,FLSTIWNGIKSLL,1
1975,LKLMGIVKKVLGAL,0
1976,GWGSFFKKAAHVAKHVAKAALTHYL,1
1977,FIGPVLKMATSILPTAICKGFKKC,0
1978,FLPLIGRVLSGAL,0
1979,GWLDVAKKIGKAAFNVAKNFL,1
1980,WRNGRWWRNGRW,0
1981,ILPAKAPAAPARR,0
1982,ILGPVLGLVSNTLDDVLGIL,0
1983,GLLGKLLKIAAKVGSNLL,1
1984,GFFALIPKIISSPLFKTL,0
1985,KWKEFLKEFKEAKKEVLHEALKAISE,0
1986,HLNKRVQRLLIGWLDWLK,0
1987,GIGAVLLVLTTGLPALISWIKRKRQQ,1
1988,GLWDTIKQAGKKFFLNVLDKIRCKVAGGCRT,1
1989,SWLSKTAKKLENSAKKRISEGIAIAQGPR,1
1990,KKKAAFAAWAAFAAKKK,0
1991,LVQRGRFGRFLRKIRRFRPKVTITIQGSARF,1
1992,LRPAILVRIK,0
1993,GVIKSVLKGVAKTVALGML,1
1994,GLMDTVKNAAKNLAGQLLDTIKCKMTGC,1
1995,GFGALFKFLAKKVAKTVAKQAAKQGAKYVVNKQME,1
1996,FFPIVGKLLSGLSGLL,0
1997,FWPVVIRTVVAGYNLYRAIKKK,1
1998,CGESCVWIPCISAALGCSCKNKVCYRNGIP,1
1999,RRPWRWPWWPWRR,0
2000,LIGSLVRGILPLF,0
2001,GFMKYIGPLIPHAVKAIKKLI,1
2002,CYCRRRFCVC,0
2003,GLAANFLPKIFCKITKRC,1
2004,KRRKLIKILKLIAKLIRKKR,1
2005,WGRAFSAGVHRLANGGNG,0
2006,GFMDTAKNVFKNVAVTLLDKLKCKIAGGC,0
2007,GGLRSLGRKILRAWKKYGPIIVPIIRI,1
2008,KIAGKIAKIAKKIAKIA,0
2009,KLLLKLLLKLLK,1
2010,GLWSKIKEVGKEAAKAAAKAAGKAALGAVSEAV,0
2011,GIRDILKYGKPS,0
2012,KWKLFKKIGIGKFLHSAKKF,0
2013,GIGKFLHTLKTFGKKWVGEIMNS,1
2014,RGGRLCYCRRRFCVCI,1
2015,KWKKFKKIGAVLKKL,0
2016,INPKSVQSLL,0
2017,SADVAGAVIDGASLSFKILKTVLEALGNVKRK,0
2018,LLKKVLKAAA,1
2019,GILDKLKEFGISAARGVAQSLLNTASCKLAKTC,1
2020,KWKKLPKKLLKLL,0
2021,KKLKKFLKLQ,0
2022,SIRDKIKTIAIDLAKSAGMGILKTLICKLDKSC,0
2023,LCAIAKKKGKCKGPLKLVCKC,0
2024,LNWGAALKHAAK,1
2025,GRFKRFRKKLKRLWHKVGPFVGPILHY,1
2026,RIGSILGALAKGLPTLKSWIKNR,0
2027,FKCRRWQWRMKKLGA,0
2028,RRPRPRPRPFFF,0
2029,KRWWKWIRW,0
2030,WKWPWWPWRR,1
2031,KSRQWQWKIRRTWPIFSIRR,0
2032,AKKVFKRLPKLPSKIWNWK,0
2033,PKRKSATKGDEPA,0
2034,ACYCRIPACIAGERRYGTCIYQGRLWAFCC,0
2035,SWKSMAKKLKEYMEKLKQRA,0
2036,WRWKWRWK,0
2037,GFKDLLKGAAKALVKTVLF,1
2038,GVWGIAKIAGKVLGNILPHVFSSNQS,0
2039,KWKSFAKTFKSAKKTVLHTALKAISS,0
2040,RRWWRWWRR,0
2041,ALWMTLLKKVLKAAAKAALN,1
2042,LKRIKTLL,0
2043,QWGRRCCGWGPGRRYCRRWC,0
2044,GWGSFFKKAAHVGKHVGKAALT,0
2045,KNWKKILGKIIKVVK,1
2046,PNDPDSPCVYRMPNARGCSI,0
2047,PKLLKFLKWIG,1
2048,FLPLLAGLAANFLPKIFCKITRKC,1
2049,SKWMSLLKHILK,1
2050,GLKKIFKAGLGSLVKGIAAHVAS,0
2051,VRVKVRVKVRVK,0
2052,GILSSWLKKLKKIIAK,0
2053,RRRAAFAAWAAFAARRR,0
2054,DLLGTLGNLPLPFI,0
2055,YKARRWAWRWK,0
2056,CVHWQTNPARTSCIGP,0
2057,TQQAFQKFLAAVTSALGKQYH,0
2058,ILGPVLGLVGDTLGDLL,0
2059,CGETCVGGTCNTPGCTCSWPVCTRNGLPV,1
2060,FLSLIPHAINAVSTLVHHF,0
2061,GLNALKKVFQGIHEAIKLINNHVQ,1
2062,KKCKFFCKVKKKIKSIGFQIPIVSIPFK,0
2063,AIPWSIWWHLLFKG,1
2064,FKIKPGKVLDKFGKIVGKVLKQLKKVSAVAKV,1
2065,LKWKSIVSWAKKVL,0
2066,ALWKTMLKKLGTMALHAGKAAFGAAADTISQ,1
2067,GLWSKIKEAAKAAGKAALNAVTGLVNQGDQPS,1
2068,IIRRIRRII,0
2069,LCYCRRRRCVCV,0
2070,KIAEKFSGTRRG,0
2071,FLPFVGNLLKGLL,1
2072,VRRFAWWWAFLRR,1
2073,AARRAARRAARR,0
2074,AGYLLGKINLKPLAALAKKIL,0
2075,ALLKRIKTLL,0
2076,VNWKKLLGKLLKVVK,1
2077,GLPVCGETCFTGSCYTPGCSCNWPVCNRN,1
2078,GLPVCGETCVGGTCNTPGCNCSWPVCTRK,1
2079,EPFKISIHL,0
2080,GILDTIKNAAKTVAVGLLEKIKCKMTGC,1
2081,KWKSFIKKLTSKFLHSKKKF,0
2082,RVKRVWKLVIRLVKALYKLYRAIKKK,1
2083,FVRWFSRFLGRIL,1
2084,IPCGESCVWIPCITAIAGCSCKNKVCYT,1
2085,FPFSLIPHAIGGLISAIK,1
2086,CSCKSKVCYKNSIPCGESCVFIPCTVTALLG,0
2087,FKRFKGSVKHGKGHLVHHIGVAL,0
2088,GKWMSALKHILK,1
2089,AAKAAAKAAAKAA,0
2090,RGRKGGRRKK,0
2091,LCAAHCLAIGRR,0
2092,GAFGDLLKGVAKEAGLKLLNMAQCKLSGNC,0
2093,ISLNPPRSTIAMRAINNYRWRSKNQNTFLR,1
2094,RRWCFRVCYKGFCRYKCR,1
2095,RERSKGSKYLYVG,0
2096,ILGKIWKPIKKLF,0
2097,SWKSFLKTFSSAKSTVLHTALKAISS,0
2098,FFPLALLCKVFKKC,1
2099,IIPLPLGYFAKKT,1
2100,CAESCVWIPCTVTALLGCSCSNNVCYNGIP,1
2101,FKRLEKLFKKIWNWK,0
2102,FFGHLFKLATKIIPSFFRRKNQ,1
2103,RHWRRFWHR,0
2104,WRPGRWWRPGRW,0
2105,AVAVVGQATQIAKKWKLFKKIEKVGQ,1
2106,FFSALLSGIKSLF,0
2107,LLIKFLKRFIKH,0
2108,GVPICGETCTLGTCYTAGCSCSWPVCTRN,1
2109,GIGKFIHAAKKFGKLFIGEIMNS,1
2110,KIRFTRTVSRLLKAALAST,0
2111,INWLKLGKKLLSAL,1
2112,GRFRRLRKKTRKRLKKIGKVLKAI,0
2113,MLSLSDAVQLMLGFGTFVLMLLGLVVELIKNSNKK,0
2114,WKRWVQRWKRWLR,1
2115,GLPICGETCVGGTCNTPGCFCTWPVCTRN,1
2116,FLWALFKVASK,1
2117,GFSSIFRGVAKFASKGLGKDLAKLGVDLVA,1
2118,RGLRRLGRKIAHGVKKY,0
2119,GANAAKKFATIAKKFINYLW,0
2120,RRLCRIVWVIRVCRR,0
2121,KRAKKFFKKLK,1
2122,KRWWKWWRR,0
2123,KKLFKKILKYLKKLFKKILKYLKKLFKKILKYL,1
2124,FLPLIGRVASGIL,0
2125,DNTDSVVKIQSWFRMATARKSYL,0
2126,CLLKKLLKKLLKKC,1
2127,LLAGLAANFLPKIFCKITRKC,1
2128,AKKVFKRLGIGAVLWVLTWG,1
2129,KLLKKPLKLKL,0
2130,KARRAVRAI,0
2131,KLALKLALKAWKAALKLA,1
2132,FLKGIKGMLGKLL,0
2133,GIIKKIIKKI,0
2134,KLRKLFRKLLKLIRKLLR,1
2135,GLPTCGETCFKGKCYTPGCSCSYPICKKD,1
2136,GGLRSLGRKILRAWKKYGPIIVPIIRIG,0
2137,GFLGPLLKLAAKGVAKVIPHLIPSRQQ,1
2138,LNWGAILKHIIK,1
2139,WLRRIKAWLRR,0
2140,WRSLGRTLLRLSHALKPLARRSGW,1
2141,IKKIWSKIKKLLK,0
2142,KKKLLFKLKQ,0
2143,FKTWKRPPFQTSCWGIIKE,0
2144,FFPIVGKRLYGLL,0
2145,FLPLAVSLAANFLPKLFCKITKKC,1
2146,TRWLWLLRGGLKAAGWGIRAHLNRNQ,1
2147,FKIKPGKVLDKFGKIVGKVLKQLKKVS,1
2148,HKWMSLLKHILK,1
2149,GFGALFKFLAKKVAKTVAKQAAKQGAKYVVNKQME,1
2150,GICKFLHSAKKFGKAFVGEIMNS,0
2151,WLRRIGKGVKIIGGAALDHL,1
2152,AARRILRWIFR,0
2153,ECYCRRRFCVCVGR,0
2154,LLRIALRKK,0
2155,FFGSLLKLLPKLL,1
2156,GVVKRIKTVV,0
2157,GFWGKLWEGVKNAI,1
2158,WKLFKKILKVL,0
2159,GILDTLKQFAKGVGKDLVKGAAQGVLSTVS,0
2160,GLLSGILGAGKHIICGLSGLC,1
2161,GIMSSLMKKLAKIIKK,0
2162,SADLVKKIWDNPAL,0
2163,SMLSVLKNLGKVGLGFVACKINKKC,1
2164,LNWGAGLKHGGK,1
2165,KGIVGMLGKLF,0
2166,FRIRVRV,0
2167,PKLKTFLSKWIG,0
2168,FFHHFARGIVHVGKTIHRLVTG,1
2169,EPCSPKNNYHDLFYRT,0
2170,RAWVAWRNR,0
2171,KWFRVYRGIYRRR,0
2172,GLLKRIKALL,1
2173,WKKWWKKWWKKW,0
2174,RGLRRLGKKIAHGVKKYGPTVLRIIRIAG,1
2175,FLKLLKALL,0
2176,LLRHVVKILEKYL,0
2177,GVIDIIKGAGKDLIAHAIGKLAEKV,0
2178,AKKVFKRLEKLFSKIYNYK,0
2179,GLLGPLLKIAAKVGKNLL,1
2180,RGGRLCYCRRRFCVCL,1
2181,ILPWKWPWWPWR,1
2182,FIHHIIGGLFSVGKHIHSLIHGH,1
2183,VRRRRRPR,1
2184,KRFWPLVPVAINTVAAGINLYKAIRRK,1
2185,KNLRRIIRKGIHIIKKYG,1
2186,GKWMSLLKQILK,1
2187,GLNALKKVFQGIHEAIKKINNHVQ,0
2188,NLKAIAALAKKLL,0
2189,ALWTTMLKKLGKMALHAGKAALGAAADTI,1
2190,GFLGILFHGVHHGRKKALHMNSERRS,1
2191,KLWKKWKKWKK,0
2192,AAKIILNPKFRCKAAFC,0
2193,FPVTFRFFKFFKG,1
2194,FLGALFKVASKVLPSVKCAITKKC,0
2195,RYRRKKKMKKALQYIKLLKE,0
2196,FLPLIASVAANLVPKIFCKITKKC,1
2197,GIGKFIHSAKRFGRAWVGEIMNS,0
2198,GLGSLLGKAFKIGLKTVGKMMGGAPREQ,0
2199,INSLKLGKKILGAL,1
2200,FLGGLIKPWWPWRR,0
2201,SLFGTFAKMALKGASKLIPHLLPSRQQ,1
2202,RGRKVVRRKK,0
2203,FLPIVTNLLSGLL,1
2204,GIGHFLHKVKSFGKSWIGEIMNS,1
2205,FSISPGKVLDKFGKIVGKVLKQLKKVSAVAKV,1
2206,KWKVFKKIEKMGRNIRNGIVKAGPKWKVFKKIEK,1
2207,ILPWKWPWWPWRR,1
2208,FLPFLLSALPKVFCFFSKKC,1
2209,GLVGTLLGHIGKAILGG,0
2210,GLARGLREASKALDR,0
2211,KRKLTLVFGVMAGVIGTKKR,0
2212,KWKLFKKIGIGAVLKVLTTG,0
2213,GLVTSLIKGAGKLLGGLFGSVTG,1
2214,GVVDILKGAAKDIAGHLASKAMNKL,0
2215,GKWLSLLKHILK,1
2216,PIHRRIPPRWPRLKRRW,0
2217,KKPWWKPWWPKWKK,0
2218,FLPIVGRLISGLL,1
2219,RIWFQNRRMRWRR,1
2220,FPFSLIPHAIGGLISAIK,1
2221,GIMDTVKNAAKNLAGQLLDKLKCSITAC,0
2222,WKKWWKKWWK,0
2223,SWLRDIWDWECEVLSDFK,0
2224,VTCYCRRTRCGFRERLSGACGYRGRIYRLCCR,0
2225,KKLIKKILKIL,1
2226,LMAAKAESRK,0
2227,KRFKKFFKKLKNSVKKRAKKFFKKPRVIGVSIPF,0
2228,KKLKKLLKKWKKLLKKLK,0
2229,WFKKIPKFLHLAKKF,0
2230,HFLGTLKNLAKKIL,0
2231,GLWNTIKEAGKKFAINVLDKIRCGIAGGCKT,1
2232,KTRNWFSEHFKKVKEKLKDTFA,0
2233,FLPIVAKLLSGLL,1
2234,GKLTKDKLKRGAKKALNVASKVAPIVAAGASIAR,0
2235,GLPTCGETCFGGTCNTPGCSCSSWPICTRN,1
2236,KKYLLPIVGNLLKSLL,1
2237,KLKLKLKQ,0
2238,KLPLLPWLPKK,0
2239,KWKSFAKTFKSAKKTVLHTAAKAISS,0
2240,GIMDTVKNAAKNLAGQLLDKLK,0
2241,PRPPHPPRPPHPRL,0
2242,GMMKRIKTMM,0
2243,AKKVFKRLEKLFSKIWNDK,0
2244,KLNRLKEKNKAKNSKENN,0
2245,WRWLRRIW,1
2246,ILGPVISTIGGVLGGLLKNL,1
2247,ILPILGNLLNSLL,1
2248,WGIRRILKYGKRS,0
2249,FLGALLGPLMNLLQ,1
2250,GLFDIIKKIAESF,1
2251,INWKKIKSIIKAAMN,0
2252,GRFRRLRKKTRKRLKKIGKVLKKI,0
2253,FLIGMTHGLICLISRKC,0
2254,KRFWQLVPLAIKIYRAWKRR,1
2255,FKRLKKLISWIKRKRQQ,0
2256,KKLFKKILKIL,0
2257,GMASKAGSVLGKVAKVALKAAL,0
2258,DANVENGEDAEDLTDKFIGLMG,0
2259,RGGRLCYCRRRFCVCA,1
2260,FLSTLLKVAFKVVPTLFCPITKKC,1
2261,GLWTTIKEGLKKFSLGVLDKIRCKIAGGC,1
2262,KWKVFKKIEKNGRNIRNGIVKAGPAIAVLGEAKAL,1
2263,SAVGRHLRRFLLRKHRKH,0
2264,FKFGSFIKRMWRSKLAKKLRAKGKELLRDYA,1
2265,KLWKKWKKWLK,0
2266,GLNALKKVFQPIHKAIKKINNHVQ,0
2267,KAYSMPRCKGGFRAVMCWL,0
2268,VRRFAWWWAFLRR,1
2269,FLPIIGKLLSG,0
2270,IWLTALKFLGKHAAKHLAKQQLSKL,1
2271,GIMSIVKDVAKNAAKEAAKGALSTLSCKLAKTC,0
2272,GFFALIPKIISSPLFKTLLSAVGSALSSSGEQE,1
2273,KLPLLPWLPLK,0
2274,GAKLAKKQVRALGKFFSF,0
2275,QLKVDLWGTR,0
2276,FLSLIPKAISAISALANHF,1
2277,ILGKIWKIKKLF,0
2278,RKKRRQRRR,0
2279,ALWLAIRKR,0
2280,NKWKKILGKIIKVVK,1
2281,SLLGTVKDLLIGAGKSAAQSVLKGLSCKLSKDC,1
2282,LCYCRRRFCGCV,0
2283,KRIVQRIKDFLA,0
2284,ILGKLLKTAAGLLSNL,1
2285,ILPWKWPWW,1
2286,FLPIITNLLGKLL,1
2287,NFLGTLVNLAKKIL,1
2288,FPVTWPTKWWKS,0
2289,SMLSVLKNLGKVGLGFVACKIKKQC,1
2290,FSTKTRNWFSEHFKKVKEKLKDTFA,0
2291,FKLKLKFSNKLKWKW,0
2292,KLAGKLAKWAGKLAKLAGKLA,0
2293,RLLKFIKKLL,0
2294,GIMDTIKGAAKDLAGQLLDKLKCKITKC,1
2295,LCYCRRRFCTCV,0
2296,FLKGIVGMLGKLF,1
2297,RWWLRRIW,1
2298,WWWLRKIW,1
2299,KRKKLLKRLI,0
2300,FKTWKNRPILSSCSGIIKG,0
2301,RWKIFKKIPKFLHSAKKF,0
2302,GIGKFLHSAKKFGKAWVGEIMNS,0
2303,ALRLAIRRR,0
2304,YDLSDSNCLPANRDKRYYVI,0
2305,GFKDLLKGAKKALVKTVLF,0
2306,ILGPVISKIGGVLGGLLKNL,1
2307,KKTWWKTWWTKW,0
2308,RWKIFKKVVKKW,0
2309,IISTIGDLVKWIIKTV,1
2310,FIHHIIGGLFSAGKAIHRLIRRRRR,1
2311,FFGHLFRGIINVGKHIHGLLSG,1
2312,PAICQRATATLGTVGSNTSGTTAIEACILL,1
2313,KRFKQDGGWSHWSPWSS,0
2314,GFWTTAAEGLKKFAKAGLASILNPK,1
2315,KKTWWKTWWTKWSQPKK,0
2316,GIWGTALKWGVKLLPKLVGMAQTKKQ,0
2317,KRLRRVWRRWR,0
2318,FLSLIPKAIKAVGVKAKKF,0
2319,LFGFLIKLIPSLFGALSNIGRNRNQ,1
2320,LKALRKALKHLA,0
2321,KKKVVFKVKFKKK,0
2322,CKKLLKLCKKLLKLAG,0
2323,FKCRRWQWRMKKLGAPSITCVRRAF,0
2324,LLAAHLLAIGRR,0
2325,PAICQRATATLGTVGSNTSGTTEIEAAILL,1
2326,GMAKLLAKVLPHVVKLIK,1
2327,KKKLKFLLKQ,0
2328,QPRPPHPRL,0
2329,ILGPVLSMVGSALGGLIKKI,1
2330,FLPLIARVLSGIL,1
2331,KKWRWWLKALAKK,0
2332,RKKRLRVVRRLV,0
2333,RFRRLRWRTRWRLRRI,0
2334,GIIKKIIKKI,0
2335,GLLNGLALRLGKRALKKIIKRLCR,0
2336,GWKDWLNKGKEWLKKKGPGIMKAALKAATQ,0
2337,WKKIASIGKEVLKAL,1
2338,KWKVFKKAEKMIRNIRNKIVK,1
2339,GVIIDTLKGAAKTVAAELLRKAHCKLTNSC,0
2340,AKKVFKRLEKLFS,0
2341,KLLSHSLLVTLA,0
2342,FLPIIGKLLSGLL,0
2343,RWKIFKKAAKKA,0
2344,FWGALFKVASK,0
2345,GIGKFLHSAKKFGKAFVAEIMNS,1
2346,RRRCPIVVIRVCRR,0
2347,HFLGTKVNLAKKIL,0
2348,GWKKWFNRAKKVGKTVGGLAVDHYL,1
2349,CIGAVLKVLTTGLPALISWIKRKRQQ,1
2350,WKKVFKRLEKLFSKIWNWK,1
2351,GWGSFFKKAAAVGKAVGKAALTAYL,0
2352,LLQWLSKLLGRWL,1
2353,CLNLKALLAVAKKILC,1
2354,RIIRPIIQIIKQKIR,0
2355,GLNALKKVFQGFHEAIKLINNHVQ,0
2356,KKKKKKAAFALWLAFLA,0
2357,GLFGKILGVGKKVLCGLSGMC,1
2358,GLPTCGETCFGGTCNTPGCTCDPWPVCTHN,1
2359,SRWRDVARNFMRRYQSRVIQGLVA,1
2360,GIWKKWIKKWLKKLLKKLWKKG,1
2361,KIAGKIAKIAKKIAK,0
2362,FLSLIPHIVSGVAALANHL,1
2363,GLPVCGETCVGGTCNYPGCTCSWPVCTRN,0
2364,GVVDILKGAAKDIAGHLASKVMNAL,0
2365,IVPFLLGMVPKLVCLITKKC,1
2366,GRRPRPRPRPFFFF,0
2367,GWKDWFRKAKKVGKTVGGLALNHYL,1
2368,FLGELWNVWKSVF,1
2369,ALYKTMLKKLGTMAL,1
2370,LKGKLWLKGKL,0
2371,RGRGKQGGKVRAKAKTRSS,0
2372,IASKVANTVQKLKRKAKNAVA,0
2373,AAHCLAIGRR,0
2374,IDGLKAIWKKVADLLKNT,0
2375,KKLGWGLKK,0
2376,RGGRLAYCRRRFCVAVGR,0
2377,RRRFVAEQDAIHSRVSREVPTLSDSV,0
2378,GIWDTIKSMGKVFAGKIKQNL,1
2379,RIKRFWPVVIR,0
2380,KALAALLKKWAKLLAALK,1
2381,IRVKIRVK,0
2382,LLKKLLKKLLKKC,1
2383,YYHFWHRGVTKRSLSPHRPRHSR,0
2384,RREAEPEAEPGNNRPVYIPQPRPPHPRL,0
2385,FWRIRKWR,0
2386,FIFHIIKGLFHAGKMI,1
2387,GVLKRIKTLV,0
2388,GLLSRIKTLL,0
2389,KIAKGALKALKIAKGALKAL,1
2390,FKRLEKLFSKIWNWK,0
2391,GLLALISWIKRKRQQ,1
2392,GLLFKELQKLIRYQIFIGK,0
2393,GGLRSLGRKILRAWKKYG,0
2394,IISTIGDLVKWIIDTV,0
2395,RRLFRRILRYL,1
2396,LVKKLLKLAMGFG,1
2397,GVWGIAKIAGKVLGNILPHVFSSNQS,0
2398,RVKRVWPLVIRTVIALYNLYRAIKKK,1
2399,GLAANFLPKIFCKITRKC,1
2400,YRWARWWRR,0
2401,KRIKTLL,0
2402,GWLPTFGKILRKAMQLGPKLIQPI,1
2403,GKPIGNAILGLRPKISRWL,0
2404,KWKLFKKIGIGAVLKVLTTGLPALIS,1
2405,LKAAAAAAKLAAKAAKAALKAAAAAAKL,0
2406,LLRRLLRRLLRRLLRR,1
2407,GMWPKILGHLIR,1
2408,IWKRWWWKR,0
2409,LFGVLAKVAAHVVPAIAEHF,0
2410,FSEAIKKIIDFLGEGLFDIIKKIAESF,0
2411,FLPLIGRVLSGIL,1
2412,KFWKLLKKALRLWAKVL,0
2413,VKLIQIRIWIQYVTVLQMFSMKTKQ,0
2414,GIMSSLMKKLAKIIAK,1
2415,GGLRSLGRKILRAWKKYGPQATPATRQ,0
2416,KNWKAILKHIIK,1
2417,FPVTWRWWTWWKG,1
2418,GMWSKILGHLIK,1
2419,FLPWFSKFLGRIL,1
2420,SVSNAATRVCRTGRSRWRDVCRNFMR,1
2421,KRFKKFFRKLKKSVKKRKKEFKKKPRVIGVSIPF,0
2422,FFGTKGIFSKVEPIFCKISHSC,0
2423,GIGSMLLGLAKNVGMSLLNKAQCKISGKC,1
2424,KKLKKFKLLQ,0
2425,HFLLTLVNLAKKIK,0
2426,RKKKIKIIKRLI,0
2427,FLPLLAGVVANFLPQIICKIARKC,1
2428,RPAFRKAAFRVMRACV,0
2429,KQIKIWFQNKKMKWKK,1
2430,FLGMLLHGVGHAIHGLIHGKQNVE,0
2431,VCGETCVGGTCNTPGCSCSRPVCTRNGLP,1
2432,GIHKILKYGKPS,0
2433,ILGKLLSTAWGLLSKL,1
2434,INLKAIAALARNY,0
2435,FIGLLISAGKAIHDLIRRRH,1
2436,FRPKVTITIQGSARF,0
2437,KRRLAAFRAFRGALKSVLKK,0
2438,IRIRIRIR,0
2439,GLFGKLIKKFLRKAISYAVKKARGKH,1
2440,SGKLYYRRKK,0
2441,GLLSLLSLLGKLL,1
2442,WWWLRRRW,1
2443,GFFALIPKIISSPLFKTLLSAVGSALSSSGGQE,1
2444,FIKELLPHLSGIIDSVANAIK,0
2445,KLKKKFLLKQ,0
2446,FLLFPLMCKIQGKC,0
2447,FLPLFLPKIICVITKKC,0
2448,FLGAIAAALPHVINAVTNAL,1
2449,YGAKAKAAKAAKAKAAKA,0
2450,KKLFKKILKTL,0
2451,GFKDLLKGAAKALKKTVLF,0
2452,HKLGTLVNLAKKIL,0
2453,ALAHFLKKAIKK,0
2454,GKSDVRRWRSRY,0
2455,KWCRCVCRRGICRCRCRK,0
2456,KWKSFLRTLKSPAKTVFHTALKAISS,1
2457,KWWRWRRWW,0
2458,HKKHKKHKK,0
2459,GFCRCLCRRGVCRCICTR,0
2460,IARRALKKAKRAAHKIPAAKKFARR,0
2461,GFFALIPKIISSPLFKTLLSAVGSALSSSGG,1
2462,ILPWKWPKWPWRR,0
2463,ALWFTMLKKLGTMALHAGKAALGAAANTISQGTQ,1
2464,RWCVYRYVRVRGVLVRYRRCW,0
2465,GRAKRFRKKAKKLFKKLSPVIPLLHL,0
2466,GLFDVIKKLLKKIGGL,1
2467,GFLGSLLKTGLKVGSNLL,1
2468,RGLRRLGRKIAHGVKKYGPTVKRIKRKA,1
2469,FLPFIAGMAAKFLPKIFCAISKK,1
2470,LVIRTVIAGYNLYRAIKKK,0
2471,IKSIASKVANTVQKLKRKAKNAV,0
2472,GFMKYIGPLIPHAVKAISDLI,1
2473,AIPCGESCVWIPCISTVIGCSCSNKVCYR,1
2474,VTPPWARIYYGCAKA,0
2475,GALRRLGRKITHAVKKYGPTVLRIIRIAG,1
2476,IKIPAVVKDTLKKVAKGVLSAVAGALTQ,1
2477,KRRKLAFRAFRFALKAVLKK,0
2478,FWGALAKGALKLIVGSLFSSFSKKD,1
2479,FIQYLAPLIPHAVKAISDLI,1
2480,GIMDTIKNAAKDVVQSLLNKASCKLAKTC,0
2481,IRVKIRVKIRVK,0
2482,TPFKISIH,0
2483,CNPLNGADRRTDSFPRFTVI,0
2484,INLKAIAALAKKLL,0
2485,KWKVFKKIEKKWKVFKKIEKAGPKWKVFKKIEK,0
2486,GFAWNVCVYRNGVRVCHRRAN,0
2487,KWKKLLKKPLKLKL,0
2488,WNPFKELERAGQRIRDSIISAAP,0
2489,FFGWLIKGAIHAPKAIHPLIHRRRH,0
2490,RIKRFWPVVIRTVVAGYNLYR,0
2491,PKLKFLSKWIG,0
2492,RWCVYARVRGVRYRRCR,0
2493,WFKAAAKAAAKFW,0
2494,ALWDTLLKKVLKAAAKAALDAVLVGANA,1
2495,FKDLKKIANIINSIFKK,0
2496,RWKIFKKIEKVGQNIRDGIVKAGPAVAVVGQAATI,0
2497,RRWCFRVCYKGRCRYKCR,1
2498,ALWKTMLKKLGTMA,1
2499,DVNDLKNLCAKTHNLLPMCAMFGKK,0
2500,RTCIPIPPVCF,0
2501,GVLDTFKDVAIGVAKGAGTGVLKALLCKLDKSC,0
2502,KLLRHRLLVTLA,0
2503,KKLFKKILKYL,0
2504,INWLAIAAKVAGML,1
2505,FLSHIAGFLSNLF,1
2506,LSPAVMASLA,0
2507,GLLKVIKVLL,1
2508,RRHWRWWRR,0
2509,PPPVIKFNRPFLMWIVERDTRSILFMGKIVNPKAP,0
2510,AAAKAALNAVLVGANA,1
2511,FFGSVLKLIPKIL,1
2512,KCRQWQSKIRRTNPIFCIRR,0
2513,GMASKAGSIVGKIAKIALGAL,0
2514,FLPLAGRVLSGIL,0
2515,LLGSLLKLLPKLL,1
2516,VWRRWRRFW,0
2517,YKLLKLLLPKLKPLLPKL,1
2518,KFKSFIKKLTSKFLHSAKKF,0
2519,FAKWAFKWLKK,0
2520,FLGAVLKVAGKLVPAAI,0
2521,FMPIIGRLMSGSL,0
2522,LLKWLKKL,0
2523,VFRLKKWMQKVIDRFGG,0
2524,GEYCGESCYLIPCFTPGCYCVSRQCVNKN,1
2525,KKLFKKILKYLTTGLPALISW,1
2526,IKNAKVCVYAVCVSHK,1
2527,INLKGLIKKVASLLT,0
2528,KIAGKIAKKAGKIAK,0
2529,FLGGLIKWKWPWWPWRR,1
2530,LKKLLKKLLK,0
2531,VNFKLLSHSLLVTLASHL,0
2532,RWWRWWR,0
2533,RRPWRWPRWPWRR,0
2534,KWKKLLKKPLKLLKKLLK,0
2535,NFLDTLINLAKKFI,1
2536,GFFALIPKIISSPLFKTLLSAV,1
2537,FPVTWPTKWLKG,0
2538,ILAWKWPWWPWRR,1
2539,GVIIDTLKGAAKTVAAELLRKAHCKLTNSC,0
2540,ILGTILGLLKSL,1
2541,ILGIITSLLKSL,1
2542,ILPWKWPAWPWRR,1
2543,LKWGAILKHIIK,1
2544,IFGAIAGLLKNIF,1
2545,KKKLLFLKKQ,0
2546,LLKKLLKWLKK,0
2547,FLRFIGSVKHGKGHLVHHIGVAL,0
2548,LKKKKFKKLQ,0
2549,ILGTILGLLKGL,1
2550,GVWSTVLGGLKKFAKGGLEAIVNPK,1
2551,GMWSKILKHLIR,1
2552,GIMSSLMKKLKKIIAK,0
2553,LKLKSIVSWALLVL,1
2554,GLVDVLGKVGGLIKKLLP,0
2555,RLYRRLYR,0
2556,RLWLAWKRR,1
2557,GFALAGLARILCLWFREFSGFFRRLNRRFAMRRR,0
2558,GRLKRLRKKLKKLLKKLS,0
2559,YYHFWHRGVTKR,0
2560,RLYRKVYGRLYRKVYGRLYRKVYGRLYRKVYGKKK,0
2561,LKLGTLVNLAKKIL,0
2562,YKAWRWAWRWK,0
2563,KRMGIFHLFWAGLRKLGNLIKNKIQQGIENFLG,0
2564,GILSSFKGVAKGVAKDLAGKLLETLK,1
2565,KKPKLPWKPKK,0
2566,ACFLTRLGTYVC,0
2567,HGVSGHGQHGTHG,0
2568,FLSTIWNGIKGLL,1
2569,YGFYTHVFRLKKWMQKVIDRFGG,0
2570,LFKEILEKIKAKL,0
2571,GIHDILAYGKPS,0
2572,KYTGKCKTKKNKCK,0
2573,GIKDLLKGAAKALVKTVLF,1
2574,GMATKAGTALGKVAKAVIGAAL,1
2575,FWRIRIRR,0
2576,HTASDAAAAAALTAANAAAAAAASMA,0
2577,GIWKSLFTKLLKG,1
2578,FKDLKKIANIINSIFKK,0
2579,KISKKIMRTFLRRILTGKK,0
2580,RIWVIWRR,0
2581,RRRWRKRRWWW,0
2582,GRIKRIRKKIKKLIKKLS,0
2583,GFMDTAKNVAKNVAVTLIDKLRCKVTGGC,1
2584,FLGAVLKVCKISKKCAGKLVPAAI,0
2585,KRWRWRW,0
2586,FRRFFKWFRRFFKFF,1
2587,ALWKSLLKNVGKAAGKAALNAVTDMVNQ,1
2588,INWKGIAAMAKKLL,0
2589,KKAFAAAAAFAAWAAFAKKKK,0
2590,ILNWLKLGKAIIDAIL,1
2591,GSLHGFMYRYLKNMVLNLF,0
2592,GWRKWIKKATHVGKHIGKAALDAYI,1
2593,FLPILASLAAKFGPKLFSLVTKKS,1
2594,FFRRFFRR,0
2595,KKKLLLLLLLLLKKK,1
2596,SKKLFKKILKYLAGPAKKLFKKILKYL,1
2597,GLLRASSVWGRKYYVDLAGCAKA,0
2598,GLFDVIKKVLKKIGGL,1
2599,SVKKFWGGVKAIFKGARKGLK,0
2600,NRLARHFRDIAGRVNQRL,0
2601,AKRHHGLNCAKFH,0
2602,FQWQRNIRKVR,0
2603,HLGHHALDHLLK,0
2604,GVVDIAKGAAKDIAGHLASKVMNKL,0
2605,WKLFKKILKWL,1
2606,KRFKKFFMKLKKSVKKRVMKFFKKPMVIGVTFPF,1
2607,WHWTWLRIRKKLR,0
2608,GFKRLVQRLKDFLRNLV,0
2609,GIFGKILGVGKKVLCGLSGMC,1
2610,ALWKTLLKKVLKA,1
2611,LDVKKIICVACKIKPNPACKKICPK,1
2612,ILGKIWEGIKSIF,1
2613,HPLKQYWWRPSI,0
2614,GIGKFLHSAGKFGKAFVGEIMKS,0
2615,LCYCRRRFCVCV,1
2616,HFLGTLVNLAKKIL,1
2617,AKKVFKRLEKLFSKIFNFK,0
2618,LLKELWTKIKGAGKAVLGKIKGLL,0
2619,RLKLLLLLRLK,0
2620,WGIRRILKYGKRS,0
2621,IFGAIWPLALGALKNLIK,1
2622,KIKKGFKKIFKRLPPIGVGVSIPLAGKR,0
2623,PKDLKETLQEKKP,0
2624,RRRSVGEEDAIPSHIEVNKFFLRKPAKEHI,0
2625,LLSNVAGLLKQFAK,0
2626,KARQWQSKIRRTNPIFAIRR,0
2627,ALWKTMLKKLGTMALHAGK,1
2628,ASEELLLRFQATSSGPILREEFE,0
2629,KWKSFIKKLTKKFLHSAKKF,0
2630,FVGALFKALSKLL,0
2631,KGLGKDLAKLGVDLVACKISKQC,0
2632,AKKVFKRLEKLFSKIQNWK,0
2633,FKLFKKILKFL,1
2634,KRRLIARILRLAARALVKKR,1
2635,PWKWPWWPWRR,1
2636,GVLSVIKNALPGIMRFIA,1
2637,FFPFLLGALGSLLPKIF,1
2638,GEKLKKIGQKIKKFFQKL,0
2639,LRRLWLRANRLLRRLWLRANRL,1
2640,LRILRRLLRRLF,1
2641,GFLLKLKLGAKLFASAFVNSIK,1
2642,CVDIHVWDGVC,0
2643,PFWRIRIRR,0
2644,RRGCFRVCYRGFCFQRCR,1
2645,FLPKLLAGLPSFLCLVFKKC,1
2646,KVVFKVKFKKK,0
2647,ILPWKWPWLPWRR,0
2648,DSHAKRHHGYKIKFHENHHSHRGY,0
2649,STVLTSKYR,0
2650,QPTRRPRPGTGPGRRPRPRPRP,0
2651,RLSRIVVIRVCR,0
2652,FFHHVFRGIVHVGKTIHRLVTG,1
2653,AAGMGFFGAR,0
2654,GLPALISWIKRKR,0
2655,AAAAAAAAAK,0
2656,SWLRDLWDWICELLSDFK,0
2657,SKHWLWLW,1
2658,WPKWWKWKRRWGRKKAKKRRG,0
2659,ILPILSLIGGLL,1
2660,GIPCGESCVFIPCITAAIGCSCKSKVCYRN,1
2661,CVVSSGWKWNYKIRCKLTGNC,0
2662,WRRRRRRRR,1
2663,GIGGALLSAGKSALKGLAKGLAEHFAN,1
2664,KRFKKFFKKLKNSVKKRAKKFFKKPRVIGVSIPF,0
2665,KAYSTPRCKYLFRAVLCWL,0
2666,RIKRFWPVVIRTVVAGYNLY,0
2667,FSPQMLQDIIEKKTKIL,0
2668,ENMFNIKSSVESDSFWG,0
2669,AIPWIWIWRLLRKG,1
2670,KDLHTVVSAILQAL,0
2671,GVVDILKGAAADIAGHLASKVMNKL,0
2672,WMQKVIDRFGG,0
2673,GKEFKRIVWLSKTAKKL,0
2674,QKKIRVRLSA,0
2675,GLLKWIKTLL,1
2676,ILGPVLGLVSDTLDDVLGIL,0
2677,ALWMTLLKKVLKAAAKAALKAVLVGANA,1
2678,GSKKPVPIIYCNRRTGKCQRM,0
2679,LAAKLTKAATKLTAALTKLAAALT,0
2680,KIAKVALKALKIAKGALKAL,0
2681,HLNKRVQRELIGWLRWLK,0
2682,FIGAIARLLSKIF,1
2683,INMKASAAVAKKLL,0
2684,GLARALTRLLRQLTRQLTRA,0
2685,KWKKLLKKPLLKKLLKKL,0
2686,KIFDAEILLNGKRKGLG,0
2687,VNSKKISGKSIKVSK,1
2688,FLGALFKVVSKLL,0
2689,ALNALKKVSQGIHEAIKLIANHVQ,0
2690,VKRWKKFWRKWKKWW,1
2691,KKKKKKAAFALWAAFAA,0
2692,ARRARKWARRALKLA,0
2693,YRMWRWAWRWR,1
2694,GLKALKKVFQGIHEAIKLINNHVQ,0
2695,CVDIGFSPTGKRPPFCPYPG,0
2696,GLLGKLLKIAAKVGKKLL,1
2697,KWKSFLKKLTSAAKKVLTTALKPISS,1
2698,KWKSFIKKLTSKFLHSADKF,0
2699,CIGAVLKVLTTGLPALISWIKRKRQQC,1
2700,KLKKKLKKLLKK,0
2701,KKLFKKILKYLAGPATTGLPALISW,0
2702,GFGTILKALAKIAGKVVKKLATKPGATYMLKENLK,1
2703,WWWRRRIW,1
2704,LLKRIKTLL,0
2705,GASCGETCFTGICFTAGCSCNPWPTCTRN,1
2706,VIVKAIATLASKLL,0
2707,FLKLAKKLL,0
2708,AGLQFPVGRIGRLLRK,0
2709,GFKLGRKLVKVFKWII,1
2710,FFHHIFRGIVHVGKKIHRLVTG,1
2711,KWKVFKKIEKMIRNIRNKIAK,1
2712,CSCKNKVCYRNGIPCGESCVWIPCISAALG,0
2713,DSMGAVKLAKLLIDKMKCEVTKAC,1
2714,GLRRALLRLLRSLRRLLLRA,0
2715,LKKLLKLCKKLCKLAG,0
2716,KWKSFLKTFKSAKKTKLHTALKAISS,0
2717,KWKLFKKIGKVLKKL,0
2718,ILSYLWNGIKSIF,1
2719,GFSPNLPGKGLRIS,0
2720,KRLFRRWQWRMKKY,0
2721,RRLRKKTRKRLKKIGKVLKWI,0
2722,KKVWFIFHVCPKLKQRIL,0
2723,GIKKILKYGKKS,0
2724,GKLGPLLKIAAKVGSKLL,0
2725,LNALKKVFQKIHEAIKLI,0
2726,RWCVYARVRGVRYRRCW,0
2727,LKLKKFLKKQ,0
2728,GMWSKILGPLIR,1
2729,LNKGAILKHIIK,1
2730,WWSYVRRWRSR,0
2731,RLVRILVSKRPVAIKPYFRL,0
2732,IFGAIWNGIKS,0
2733,RFRFFFRFR,0
2734,IKKIIKKI,0
2735,FDLLGLVKKVASAL,0
2736,GLLKRIKTL,0
2737,RRLIRLWLRLLR,0
2738,VIRTVVAGYNLYRAIKKK,0
2739,GLPVCGETCVGGTCNTPGCKCSWPVCTRN,1
2740,AVAGEKLWLLPHLLKMLLTPTP,0
2741,KWKAFKKIEKMIRNIRNKIVK,0
2742,AHCLAIGRR,0
2743,ILPWKWKWWKWRR,0
2744,GKKLKKIGQKIKNFFQKL,0
2745,ILSAIWSGIKSLF,1
2746,GKPTCGETCFKGKCYTPGCTCSYPLCKKD,1
2747,GLLSGILGAGKKIVF,0
2748,FLGVLFKVLSKLL,0
2749,FLPAIAGILSQLF,1
2750,RWRWRWRW,1
2751,YSLQMGATAIKQVKKLFKKKGG,0
2752,GIMSSLMKKLKKHIAK,0
2753,SGKLYYRRKK,0
2754,VGKTWIKVIRGIGKSKIKWQ,0
2755,GKPRPYSPKPTSHPRPIRV,0
2756,WLRRIKAWLRRKRK,1
2757,ILPWKWKFFPWRR,0
2758,ILPYKYPYYPYRR,0
2759,GLPASISWIKRKRQQ,0
2760,TRSSRAGLQWAVGRVHRLLRK,0
2761,LLKWLKKLLKK,0
2762,FLPLLAGLAANFLPKIFCKITKRC,1
2763,FLGGLIKWPWWPWRR,1
2764,GKILKYLLYLLRKYANLIIR,1
2765,KKFFRAWWAPRFLK,0
2766,VSWKKSLGKIIKVVK,1
2767,AINPKSVQSLL,0
2768,RWKIFKKVVKKA,0
2769,KKKLKFLKLQ,0
2770,RIIDLLARVRRPQKPKFVTVWVR,0
2771,ALWMTLLKKVLKAAAK,1
2772,PFFWRIRIRR,0
2773,GMATKAGTAFGKAAKAIIGAAL,1
2774,RLKKIGKVLKWI,0
2775,THVFRLKKWMQKVIDRFGG,0
2776,PKLLKFLSKWIG,1
2777,IIIQYEGHKH,0
2778,ILPIRSLIKKLL,1
2779,RKKKFKFFKRLF,0
2780,HFLKTLVNLAKKIL,1
2781,WKSYVRRW,0
2782,FAKGIAGMAGKLF,1
2783,GKKLFKKILKYLAGPAKFLHSAK,0
2784,GIMSSLMKKLAAIIAK,1
2785,FLPLVLGALSGILPKIL,1
2786,HFLLTLVKLAKKIL,1
2787,LKLKKFKLKQ,0
2788,GIGAVLKVLTTGLPALISWIKRKRQQ,1
2789,KWKLFKKIPHLAKKF,0
2790,GIMDTVKNAAKNLAGQLLDKLKCKITAC,0
2791,FKAWRWAWRMKKLAAPS,0
2792,KEFKRIVQRIKDFLRNLV,0
2793,RIKRFWPVVIRTVVAG,0
2794,CWWKKKKKWWC,0
2795,WRPGRWWRPGRWWRPGRW,0
2796,GMLKRIKTLM,0
2797,KKKKIIKRLI,0
2798,ILGKLWEGLKSLF,1
2799,RGGRLCYCRRRFCVCVGR,1
2800,KWFKIQLQIKKWKNKK,1
2801,KWKLFKKIPKFLHLA,0
2802,KKKKKKLLFAAWAAFAA,0
2803,ILGEIWKGIKDIL,0
2804,NPVLVKDATGSTQFGPVQALGAQYSMWKLK,1
2805,FLPLLAGLCKITRKCAANFLPKIF,1
2806,GIGAVLKVLTTGLPALISWIKRKRQQ,1
2807,LPWKWPWWPWRR,1
2808,MPLSWFFPRTWGKR,1
2809,KFFRKLKKSVKKRAKEFFKKPRVIGVSIPF,0
2810,TPFKISIHL,0
2811,WRKLWRGGLKRWLK,0
2812,GCRFCCNCCPNMSGCGVCCRF,0
2813,VIDKAKMESLGITSRDTT,0
2814,KWKSFIKKLTSKALHSAKKF,0
2815,ILPWKWPWWPWKK,1
2816,FFGHLYRGITSVVKHVHGLLSG,0
2817,INWLKLGKKILGAL,1
2818,LNALKKVFQGIHEAIKLI,0
2819,GIGAVLKVLTTGLPALISWIKRKRQQ,1
2820,KRFKKFFKKVKKSV,0
2821,LLPIVGNLLKSLLGAKRKRAG,1
2822,GILSTFKGLAKGVAKDLAGNLLDKFKCKITGC,1
2823,KIAGKIAKIAGKIA,0
2824,INWKKIFQKVKNLV,1
2825,LLPPWLRPRNG,0
2826,KVANTVQKLKRKAKNAVA,0
2827,ILGKIWEGIESLF,0
2828,GASLSFKILKTVLEALGNVKRK,0
2829,AWKLFDDGV,0
2830,IPWKLPATFRPVERPFSKPFCRKD,0
2831,ALRSAVRTVARVGRAVLPHVAI,0
2832,FLGALFKAVSKLL,0
2833,KWKLFKKIPKFLHLAKK,0
2834,KKLFKKILKYLAGPA,0
2835,FLKPLFNAALKLLP,0
2836,GMWSKILGHL,1
2837,GLLDFLKAAGKGLVSNLLEK,1
2838,YGRKKRRQRRR,1
2839,TESYFVFSVGM,0
2840,RIKRFWPVVIRT,0
2841,LALKSGGWLRLFGLKDKKH,1
2842,GIGAVLVVLTTGLPALISWIKRKRQQ,1
2843,SIGAKILGGVKTFFKGALKELAFTYLQ,0
2844,LPLILRKIVTAL,0
2845,PLLKKLLKKP,0
2846,CKKIGAVLKVLTTGLPALISWIKRKRQQKKC,1
2847,LALKSGGWLRLFGLKDKKH,1
2848,VNWKKILGKSIKVSK,1
2849,GIGAVLDVLTTGLPALISWIKRKRQQ,1
2850,GFWGKLLEGVKKAI,0
2851,FLPVLTGLTPSIVPKLVCLLTKKC,1
2852,FFGAIAAALPHVISAIKNAL,1
2853,SWSSFFKKAAHSGKHVGKSASTHYL,0
2854,CKLLKTFLSKWIC,1
2855,LDPKVVQSLL,0
2856,FFGAIAAALPHVISAIKNAL,1
2857,VIPIVSGLLSSLL,0
2858,ILGKLWEGVKSI,0
2859,GEILCNLCTGLINTLENLLTTKRKRQQ,1
2860,GILDTFKGVAKGVAKDLAVHMLENLKCKMTGC,1
2861,RPAWRKAAFRVMRACV,0
2862,FLPGLIKAAVGIGSTIFCKISKKC,1
2863,GEKLKKIGQKIKNFFKKL,0
2864,FDLLGLVKSVVSAL,1
2865,RKSKEKIGKEFKRIVQRIKDFLRNLVPRTES,0
2866,GLNALKKVAQGIHEAIKLINNHVQ,0
2867,GLKKIFKKGLGSLVKGIAAHVAS,0
2868,KWKSFLRTFKSPVRTVFHTALKPISS,1
2869,CKLLKTFLSKWIC,1
2870,GILDAIKAIAKAAG,0
2871,RTVVAGYNLYRAIKKK,0
2872,GVVVRVPRVVVRWVRR,1
2873,KWKLFKKIPLKKF,0
2874,KAIVQRIKDFLR,0
2875,GVVDALKGAAKDIAGHLASKVMNKL,0
2876,LKLLSIVSWAKKVL,1
2877,GLLKVIKTLL,1
2878,GWGSFFKKAAHVAKHVGKAALTHYL,0
2879,GIGKFIHSAKKFGKLFVGEIMNS,1
2880,KLALKLALKALKAALKLA,1
2881,GLKKIFKKGLGSLVKGIAAHVAS,0
2882,NAGSLLSGWG,1
2883,GYNYAKKLANLAKKFANALW,0
2884,RRWRIVVIRVRR,1
2885,FFRRFRRFF,0
2886,LSPAAMASLA,0
2887,RPVYIPQPRPPHPRL,0
2888,KLALKLALKALKAALKLA,1
2889,MAQDIISTIGDLVKWIIDTVNKFPKK,1
2890,FFPIVGKLLSGLF,1
2891,WKSYVRRW,0
2892,KKLGLCLGLKK,0
2893,FRWCFRVCYKGRCRYKCR,1
2894,KWLKKWL,0
2895,DIFGAIWPLALGALKNLIK,1
2896,VWNQPVRGFKVYE,0
2897,FAVTWATKWWKG,1
2898,RLRLLLRLR,0
2899,VGTDFSGNDDISDVQK,0
2900,GRRRRSVQWCA,0
2901,KRIVQRIADFLR,0
2902,LKLLKFKKKQ,0
2903,FFGWLIKGAIHAGKAIHPLIHRRRH,0
2904,RGGRLCYCRRRFCVCVGR,1
2905,RFRRLRDKTRDRLKKI,0
2906,FFFLSRIF,1
2907,KLLLKLWLKLLK,1
2908,FLKPLFNAALKLLP,0
2909,FMGSALRIAAKVLPAALCQIFKKC,1
2910,LKKLLKWLKKL,0
2911,KRLFRRLLFSMKKY,0
2912,GKWKKILGHLIR,1
2913,AKKVFKRLGIGAVLKVLTTG,0
2914,WKLFKKIPKFLHLAKKF,0
2915,RLWLAIGRR,1
2916,LPLPSCSSHGGDADNTSQRN,0
2917,FFSLIPSLVKKLIKAFK,1
2918,RGLRRLGRKIAHGVKKYGPTVLRIIRIAGGGGGSC,1
2919,FLPLIGRVLSAIL,1
2920,GKWQSLLKHILK,1
2921,WKRWVQRWKRFLR,1
2922,WGIRDILKYGKPS,0
2923,ILGPVISTIGNVLGGLLKNL,0
2924,FLPILASLAAKLGPKLFCLVTKKC,1
2925,CKILSKTIKCRIPCGRRKEY,0
2926,KNLRRITRKIIHIIKKYG,0
2927,CGESCVYIPCISGVIGCSCTDKVCYLNGTP,1
2928,LSVDKRPVLHPEHIYGHNHY,0
2929,LKLLKKLLKKLLKLL,1
2930,GFLDVIKHVGKAALGVVTHLINQ,1
2931,KLAKLAKKLAKLAK,0
2932,FFHHIFRGIKHVGKTIHRLVTG,0
2933,PVVIRTVVAGYNLYRAIKKK,0
2934,KRIVQRIKDWLR,0
2935,GLLGPLLKIAAKVGSNLL,1
2936,FLPGLIKVAVGVGSTILCKITKKC,1
2937,ACPIFTKIQGTCYRG,0
2938,FRRPFKWPRRFFKFF,0
2939,GFMDTAKNVAKNVAKNVAVTLLDKLRCKVTGGC,0
2940,CVYAYVRVRGVLVRYRRCW,0
2941,IYYPPNHNFP,0
2942,KPWRFRRAIRRVRWRKVAPYIPFVVKTVGKK,0
2943,CYCRRRFCVCV,0
2944,LESLASSAVRTANKARAKL,0
2945,SLWETIKNAGKGFILNILDKIRCKVAGGCKT,1
2946,FIGMIPGLIGGLISAFK,1
2947,KLKLLKLLKLLKLLK,1
2948,ILKWKWPWWPWRR,1
2949,RKKRLKVVKRLV,0
2950,ILGKIAEGIKSLF,0
2951,LKLKSIVSAAKKVL,0
2952,KKLFKKILKYLAGPAVAVVGQATQIAKKDEL,0
2953,GLWSKIKEAAKTAGLMAMGFVNDMV,1
2954,IFGAIWKGISSLL,1
2955,GFGLGGLARILCLGNRQWSNFFKKLNRKCAMVKK,0
2956,KLALKLALKALKAALKLA,1
2957,FFHHIFRAIVHVAKTIHRLVTG,1
2958,ALLHHGLNCAKGVLAALLHHGLNCAKGVLA,0
2959,KRRLFLFRLFRLFLRLFLKK,1
2960,KKLFKKILKVL,0
2961,GVSKILHSAGKFGKAFLGEIMKS,1
2962,GLMDTLKNLAKTAGKGALQSLLNKASCKLSGQC,1
2963,KLKKLWKKLLK,0
2964,GIMSSLMKKLAAHIAK,0
2965,AGWGSIFKHIFKAGKFIHGAIQAHND,1
2966,QPFSLERW,0
2967,WKKIPKFLHLAKKF,0
2968,GATAIKQVKKLWKKKGG,0
2969,LKWLKKL,0
2970,LKKLKFLKKQ,0
2971,SISLLYGRKKRRQRRR,0
2972,KAYSMPRCKYLFRAVLCWL,0
2973,RRLRLLLRLRR,0
2974,FIHHIFRGIVHAGRSIGRFLTG,0
2975,MESVSDAVQLMLGFGTFVLMLLGLVVELIKNSNKK,0
2976,LGGAATGVIGYISNQTCPTTACTRAC,0
2977,ILPWKWPAAPARR,0
2978,IKKILSKIKKLL,0
2979,FLKGIIDTVSKLF,0
2980,PKLLKTFLSKWIG,1
2981,HFLLTLKNLAKKIL,0
2982,RSGGYCNGKRVCVCR,0
2983,KRIVQAIKDFLR,0
2984,KWKKLLKKLLPLLKKLLK,1
2985,ILSAIWSGIKGLL,1
2986,EQEENVVKIQAFWKGYKQRKEYM,0
2987,GLPRKILCAIAKKKGKAKGPLKLVCKA,0
2988,KWKLFKKIPKFLHLAKKF,0
2989,KALAKALAKLWKALAKAA,1
2990,WNPFKELERAGQRVRDAIISAAP,0
2991,KKKKLFLLKQ,0
2992,FKKLKKLFSKLWNWKRKKRRQRRR,0
2993,GALKRIKTLL,0
2994,KLLKFIKKLL,0
2995,AQDIISTIGDLVKWIIDTVNKFTKK,1
2996,KVLKAAA,1
2997,RKKRLKLLKRLV,0
2998,VLSAADKGNVKAAWGKVGGHAAE,0
2999,LCYTRRRFTVCV,0
3000,KFFRKLKKSVKKRAKEFFKKPRVIGVSIPF,0
3001,ASHLGHHALDHLLK,0
3002,KRIVKLILKWLR,1
3003,VAGYNLYRAIKKK,0
3004,CPAIQRCC,0
3005,AKKVSKRLEKLFSKIQNDK,0
3006,FFRLLFHGVHHGGGYLNAA,1
3007,KWKSFINKLTSKFLHSAKKF,0
3008,RFRRLRKWTRWRLKKI,0
3009,GLLKRIKLLL,1
3010,GKWMSLLKHIWK,1
3011,VRRFPYYYPFLRR,0
3012,ILPWAWPWWPWRR,1
3013,PFKIDIHLGGY,1
3014,GIGKFLHSAGKFGKAFIGEIMKS,1
3015,KRIVKRIKKWLR,0
3016,VWRRWRRFWRR,0
3017,GIGAVVKVLTTGVPAVISWIKRKRQQ,0
3018,FVKLKKILNIINSIFKK,1
3019,GFWGKLWEGVKNAIKKK,0
3020,GIMSSLMKKLKAHIAK,0
3021,GFKKLLKGAAKALVKTVLF,1
3022,GLPVCGETCVGGTCNTPGCTCSWPVCTRK,1
3023,YKLLKLLLPKLKPLLFKL,1
3024,KNLRRITRKIIHIIKKYG,0
3025,ALYLAIRRR,0
3026,GSVLNCGETCLLGTCYTTGCTCNKYRVCTKD,0
3027,RLWRRWRRWLR,0
3028,ILPWKAPAAPARR,0
3029,SRSEKAGLQFPVGRIGRMLKK,0
3030,LLGMIPVAITAISALSKL,0
3031,LKKLLKKLLKKL,0
3032,KKLFKKILKHL,0
3033,FKKFFKKLKNSVKKRAKKFFKKPRVIGVSIPF,0
3034,VIPFVASVAAEMMQHIFCAASRKC,0
3035,GLPVCGETCVGGTCDTPGCTCSWPVCTRN,0
3036,RGGRLCYCRRRFCVCR,0
3037,LRIVKLILKWLR,1
3038,KWKSFLKTFKSAGKTVLHTALKAISS,0
3039,RRLCRIVVIRVCRR,0
3040,ILPWKWPWAPWRR,1
3041,GAFGNLLKGVAKKAGLKILSIAQCKLSGTC,1
3042,SAVWRRWRRFWLRKRRKR,0
3043,LRFIKKILKKLI,1
3044,WGIRDILKYGKPS,0
3045,GIWDTIKSMGKVFAGAILQNL,1
3046,WWWLRRIR,1
3047,ILPWKWAWWPWRR,1
3048,GIGGALLSFGKSALKGLAKGLAEHF,1
3049,IIGPVLGLVGKALGGLL,1
3050,FLPILASLAAKFGPKLFCLVTKKC,1
3051,ILPILGNLLNGLL,1
3052,GILSKLLKKLKKIIAK,0
3053,FWGALAKGALKLIPSLVSSFT,1
3054,KKLIKVFAKGFKKAKKLFKGIG,0
3055,GILSSLWKKLKKWIAK,1
3056,FLGALAKALSKLL,0
3057,GRRRRSVQWCA,0
3058,ILPLKWPWWPWRR,1
3059,VIPFVASVAAEMMHHVYCAASKRC,0
3060,LLKKLLKKLLKK,0
3061,GLKEIFKAGLGSLVKGIAAHVAN,1
3062,WKRIVRRIWRWLR,1
3063,AFCWNVCVYRNAVRVCHRRCN,0
3064,LCYTHHHFTVCV,0
3065,YGRKKRRQRRR,0
3066,WKKIPKFLHLLKKF,0
3067,GLMDTVKNAAKNLAGQMLDKLKCKITGSC,1
3068,KWCFCVCYRGICRCRCRG,0
3069,ATYRTGRATRESLSGVEISGRLYRLR,0
3070,KLKLLLKLK,1
3071,KIASIGKEVLKAL,1
3072,RGVAKFASKGLGKDLAKLGVDLVACKISKQC,0
3073,KIWFQNKKMKWKK,1
3074,KKKKLFKLLQ,1
3075,YVPPVQKPHPNGPKFPTFP,0
3076,GLLWKWGWKWKEFLRIVGY,1
3077,NWCKRGRKQCKTHPHFVIPY,0
3078,HWRRFWHR,0
3079,LLRRLLRRLLRR,0
3080,AKKVSKRLEKLFSKIQNDK,0
3081,KLKLKLKE,0
3082,FVKLKKILNIINSIFKK,1
3083,KRRKLAFRLFRLFLKLVLKK,1
3084,KKLFKKILKYLAGPAKKLFKKILKYL,1
3085,ILGKVWEGVKSLF,0
3086,FLSTLLNVASNVVPTLICKITKKC,1
3087,FLKGIIDTVSNWL,0
3088,LNWGAILKHKIK,1
3089,GLLGPLLKIAAKVGSNLL,0
3090,ALFKTMLKKLGTMAL,1
3091,FLGWLFKWASK,1
3092,AARIILRWRFR,0
3093,VVIRTVVAGYNLYRAIKKK,0
3094,GLLKRIKT,0
3095,TRSRWRRFIRGAGRFARRYGWRIALGLVG,1
3096,SKVWRHWRRFWHRAHRKK,0
3097,KWKKLLKKLLKLPKKLLKKLKKLLK,0
3098,LKLLKFKKLQ,0
3099,GLKEVAHSAKKFAKGFISGLTGS,1
3100,GFGSLLGKALKIGTNLL,1
3101,CLLKKLLKKC,0
3102,KWKSFIKKLASKFLHSAKKF,0
3103,FAKLLKKLL,0
3104,ILPIIGKILSTIFGK,1
3105,FFHHIFRGIVHVGKTVHRLVTG,1
3106,LRHKVYGYCVLGP,0
3107,RAGLQFPVGRLLRRLLR,0
3108,YQCGQGG,0
3109,FLGWLFKVASK,0
3110,GLPALISWIKRKRQ,1
3111,KRIVQRIKDFLR,0
3112,KIKLFKKWPKFLHLAKKF,0
3113,VRRFPWWWPFLRR,1
3114,KWKSFLKTFKSAKKTVAHTAAKAISS,0
3115,KWKKKKKKPKFL,0
3116,FFHHIFRPIVHVPKTIHRLVTG,1
3117,WKKIWSKIKKLLK,0
3118,IKKIVSKIKKVLK,0
3119,IKIPSFFRNILKKVGKEAVSLIAGALKQS,1
3120,INWKSIFEKVKNLV,1
3121,GVFDIIKGAGKQLIARAMGKIAEKVGLNKDGN,0
3122,KLKLLLLLKLK,1
3123,INLKAIAALVKKV,0
3124,LLKKKFKKLQ,0
3125,FLPGLIKAAVGVGSTILCKITKKC,1
3126,YYHFWHRGVTKRSLSPHRPR,0
3127,MVSVSVAVQLMLGFGTFVLMLLGLVVELIKNSNKK,0
3128,IWSFLIKAATKLLPSLFGG,1
3129,IDWLKLGKMVMDVL,1
3130,ILPWKWPWLPKRR,0
3131,LCYCRRRFCFCV,1
3132,KWPWWPWRR,1
3133,ILGKIWKGIKNIL,1
3134,AAKKGCWTVSIPPKPCF,0
3135,RLYRRLYRRLYRRLYRRLYRRLYRRLYRRLYR,1
3136,ICLKKWPWWPWRRCK,0
3137,RGKRWWRRKK,0
3138,ILPWKWPYLPWRR,1
3139,KIAKGALKALKIAKVALKAL,1
3140,HRWWRWWRR,0
3141,LRFLKKILKKLF,1
3142,GSKKPVPIIYCNRRAATGKCQRM,0
3143,FFHHIFRGIVHVPKTIHRLVTG,1
3144,AMPWRPATGLLPIKPTHIKPLCGDD,0
3145,GFLEKLKTGAKDFASAFVNSIKGT,0
3146,FWGLKGLKGPGKFSKKL,0
3147,ALPLIGRVLSGIL,1
3148,LNWGAKLKHIIK,1
3149,RLYRRLYRRLYRRLYRRLYRRLYRRLYRRLYR,1
3150,YRWWRWARRW,0
3151,RFWPVVIRTVVAGYNLYRAIKKK,1
3152,FRCRRRFCRF,0
3153,FKRLEKLFSKIQNDK,0
3154,GTFIKQQRKQKQQRHHTSGTRKRMAK,0
3155,ILGKLLSTAAKLLSNL,1
3156,WKRWVRRWKRWLR,1
3157,VNWKKILKKIIKVAK,1
3158,HRHQGPIFDTRPSPFNPNQPRPGPIY,0
3159,GLKALKKVFKGIHKAIKLINKHVK,1
3160,KKKKKKAAFLAWALFAA,0
3161,LKPLLKPLLKPLLKPLLKPLLKPLLKPL,0
3162,GFFALIAQIISSPLFQTL,1
3163,NLLKSALKTVNKLLAAS,1
3164,KDWEHLKDWEHLKDWEHL,0
3165,GIGKFLHSAKKFGKAAVGEIMNS,1
3166,AQIVQRIKDFLR,0
3167,GLLSGVLGVGKKVLCGLSGLC,1
3168,QLQGKQVSGEVVQKVLQELIQSVAKP,0
3169,FPVTWPTKWWEG,0
3170,GLLRASSKWGRKYYVDLAGCAKA,0
3171,LKWLLKWLL,1
3172,DAACAAHCLWR,1
3173,GSKKPVPIIYCNRRSGKCQRM,0
3174,GIHDALKYGKPS,0
3175,HKKHKKHKKHKK,0
3176,GLVGTLLGHIGKAILG,0
3177,RLYRRLYRRLYRRLYRKKK,0
3178,KIAGKIAAIAGKIAKIAGAIAKIAGK,1
3179,GRRPRPRPRPWWW,0
3180,PLYKKIIKKLLES,0
3181,AKKVFKRLPKLFSKIWNWK,0
3182,GWGSFFKKAAHVGKHVGKA,0
3183,RGKRWWRRKK,0
3184,LVRGCWTKSYPPKPCFVR,1
3185,RMKKLGNHKVSCERNTKRCRKAI,0
3186,GRRPRPRPRPWWW,0
3187,AGETHTVMINHAGRGAPKLVVGGKKLS,0
3188,VRRYPWWWPYLRR,1
3189,KAIAKSILKWIKSIAKAI,1
3190,TFRRLKWK,0
3191,KKIMRTFLRRISKDILTGKK,0
3192,GFFGKMKEYFKKFGASFKRRFANLKKRL,1
3193,IISTIGKLVKWIIDTV,1
3194,ALWKTMLKKLGTMALHAGKAALGAAADTISQGTQ,1
3195,MWSKILGHLIR,1
3196,GLLKRIATLL,1
3197,GYPICGESCVGGICNIPGCSCSWPVCTTN,1
3198,FLAGLIGGLAKMLGK,1
3199,LLLLKFKKLQ,1
3200,RIRFPWPWRWPWWPRFRG,1
3201,KLLKRIKKLL,1
3202,ILPWKWPWWAWRR,1
3203,FLSMIPKIAGGIASLVKNL,1
3204,MDFIIDIIKKIVGLFTGK,1
3205,VGRKHSILNCIPYLKKKKIMRL,0
3206,RWFKIQLQIRRWKNKK,1
3207,KRIRKRIKKWKR,0
3208,KWKSFLKTFKSAKKTVLHTALKAISS,0
3209,GSKKPVPIIYANRRTGKAQRM,0
3210,GVVVRVGRVVVRWVRRRR,1
3211,AKLWLKAAKLWLKA,0
3212,LCAARCLAIGRR,0
3213,KWKSFIKKSTSKFLHSAKKF,0
3214,KRIVQRIKDFLRNLVPRTES,0
3215,QLQGKQVSGEVVQKVLQELIQSVAKP,0
3216,FKKLKKLFKKILKLK,0
3217,GKKLLWLLKKG,0
3218,RIKRFWPVVIRTVV,0
3219,NLVSALIEGRKYLKNVLK,0
3220,GLNALKKVFQKIHEAIKLINNHVQ,1
3221,ILGKLLSTAAKLLSKL,1
3222,YKLLKLLLPKLKGLLPKL,1
3223,AKKVFKRLEKLFSKI,0
3224,ILGPILGLVSNALGGLL,1
3225,VNWKKVLGKVVKVVK,1
3226,KWKLFKKIFKCWRWQWRWKKLGA,1
3227,GLPVCGETCVGGTCNTPGCTCSYPVCTRN,0
3228,INQKKIASIGKEV,1
3229,IHKFWRPGRWFKHI,0
3230,ALWKTLLKKV,1
3231,FFHHIFNGLVGVGKTIHRLI,0
3232,GIPCGESCVWIPCISSAIGCSCKSKVCYRN,1
3233,PICTRNGLPVCGETCFGGTCNTPGCTCTW,1
3234,WWWLRRIW,1
3235,GVVVRWGRVVVRGVRR,0
3236,ALLHHGYKRKFH,0
3237,GIHDILKYGAPS,0
3238,FPFLKLSLKIPKSAIKSAIKRL,0
3239,RVIEVVQGACRAIRHIPRRIR,0
3240,FVQWFSRFLGRIL,1
3241,LKLKSIVSYAKKVL,0
3242,GWKDWAKKAGGWLKKKGPGMAKAALKAAMQ,0
3243,FKHHIFRGIVHVGKTIHRLVTG,0
3244,KKRLKKIFKKPMVIGVTIPF,0
3245,RRFRPKVTITIQGSARF,0
3246,HALWKNMLKGIGKLAGKAALGAVKKLVGAES,1
3247,RGGRLCYCRRRFCVCF,1
3248,GIGGALLSVGKSALKGLTKGLAEHF,0
3249,FLKGIVGMLGKLW,1
3250,KKFFRAWWARRFLK,0
3251,LNLKGLFKKVASLLT,0
3252,RWFRIQLQIRRWRNRR,1
3253,INWKKIASIGKEVL,1
3254,GLLDFVTGVGKDIFAQLIKQI,1
3255,LLRRLRRLL,0
3256,GKCNVLCQLKQKLRSIGSGSHIGSVVLPRG,0
3257,IRCRRRFCRI,0
3258,AERVGAGAPVYL,0
3259,IKLSKKTKDNLKKVLKGAIKGAIAVAKMV,1
3260,GKWMSLLKHILK,1
3261,DHNNEIVKIQSLLRANKARDDYK,0
3262,KKLFKKILKYLAGPAGIGKFLHSAKKDEL,0
3263,KKKKKKAAFAAWAAFAA,0
3264,GLLSGILGAGKQKVCGLSGLC,1
3265,FSVTWRWWKWWKG,1
3266,KLLKRIKTLL,1
3267,GIHHILKYGKPS,0
3268,INWKALLDAAKKVL,1
3269,GFMKYIKPLIPHAVKAIKKLI,1
3270,KFHHIFRGIVHVGKTIHRLVTG,1
3271,FLGWLFKWAWK,0
3272,GIGGKILGGLKTALKGAAKELASTYLH,0
3273,LRLKKRRWKYRV,0
3274,WKRIVRWIKRWLR,1
3275,KLLNLLPGLLAGIF,0
3276,FFHHAFRGIVHVGKTIHRLVTG,0
3277,TIAMRAINNYRWRSKNQNTFLR,1
3278,FFHHIFRGIVHVAKTIHRLVTG,1
3279,CRRWQWRMKKLGC,0
3280,RWGKWFKKATHVGKHVGKAALTAYL,1
3281,AWASFFKKAAHVGKHVGKAALTHYL,0
3282,LLNSGVKLGTKLLSGLLN,0
3283,RRLMAAKAESRK,0
3284,FSFLSRIF,1
3285,AVDLAKIANKVLSSLF,1
3286,LKLKLKLQ,0
3287,FLKLLKKLA,0
3288,IKFEPPLPPKKAH,0
3289,AKRHHGYKRKFHAKRHHGYKRKFH,1
3290,GLFGVLAKVAAHVVPAIAKHF,1
3291,LKLLGIVKKVLGAI,0
3292,LWGTRSGIQP,0
3293,GTLPCGESCVWIPCISSVVGCACKSKVCYKD,1
3294,SIMSTLKQFGISAIKGAAQNVLGVLSCKIAKTC,0
3295,KIWFQNRRMKWKK,1
3296,FLYIVAKLLSGLL,0
3297,KKWRKLLKKLKKLL,0
3298,TRKRLKKIGKVLKWI,0
3299,IWSFLIKAATKLLPSLFGGGKKDS,1
3300,DKERPICSNTFRGRKC,0
3301,INWKKGKEVLKAL,1
3302,FAKWAFKWAKK,0
3303,PPHKKKLAVYPVFLFYLFLSWFSLIV,0
3304,AGYLLPKINLKPLAKLPKKIL,0
3305,RRWCFRVCYRGFCYRKCR,1
3306,RIKRFWPVVIRTVVAGY,0
3307,KKLFKKILKYLAGPAKFLHSAKKDEL,0
3308,AARIILRWFRR,0
3309,FLGALFKKASK,0
3310,FAEPLPSEEEGESYSKEPPEMEKRYGGFM,0
3311,AIGSILGALAKGLPTLISWIKNR,1
3312,KWKLKKHIGIGKHFLSAKKF,0
3313,KSLRRVWRSWR,0
3314,KLLKWWKKLL,0
3315,KKAAAAAAAAAAAAWAAAAAAKKKK,0
3316,VDIHVWAGV,0
3317,GLWSTIKQKGKEAAIAAAKAAGQAALGAL,0
3318,VRRFPWWWPFLRR,1
3319,FFQELKEGWKNIKKA,0
3320,KRIVQRIKDFLR,0
3321,LLKKLFKKKQ,0
3322,GLLKRIKFLL,1
3323,GKWMSLLKKILK,1
3324,GMATAAGTTLGKLAKFVIGAV,1
3325,KWKSFLKTFKSAKKTVLHTLLKAISS,0
3326,KLGFENFLVKALKTVMHVPTSPLL,1
3327,TLLKKVLKAAAKAALNAVLVGANA,1
3328,FVKLKKILNIILSIFKK,1
3329,KKKKPLFGLFFGLF,0
3330,ILPWKAPWWPWRR,1
3331,FLPLLAGLAANFLPTIICKIARKC,1
3332,KISKKIMRTFLRRISKDILTGKK,0
3333,KLKLLLLKLK,1
3334,GFMKYIKPLIPHAVKAIKKLI,1
3335,GSLHGFMYKYLKTLVLRLY,0
3336,DNRMVNHFVQEFKRKHKK,0
3337,GFMKYIGPLIPHAVKAISKLI,1
3338,FGPVIGLLSGILKSLL,0
3339,KNNFCQVLYVWLLRLGKQCFVKFSKDVET,0
3340,FLPVLGKVIKLVGGLL,0
3341,GFGSLFKFLAKKVAKTVAKQAAKQGAKYVANKHME,1
3342,IAAERRYATIYQARLWAF,1
3343,SLLSLIRLLIT,0
3344,FFGTALKIAANVLPTAICKILKKC,1
3345,LVRGCWTKSYPPKPCFVR,1
3346,GAFGDLLKGVAKEAGMKLLNMAQCKLSGKC,0
3347,KKAGKIAKKAGKIA,0
3348,KWKLFKKIGIGKFLKKK,0
3349,SAVGRHLRRFGLRKHRKH,0
3350,TLLKKVLKAAAK,1
3351,RIGSILGRLAKGLPTLRSWIKNR,0
3352,KLKKKFKKLQ,0
3353,VNWKKVLAKIIKVVK,1
3354,CGESCVYIPCLTSAVGCSCKSKVCYRNGIP,1
3355,FLPIVAKLLSGLLGRKKRRQRRR,1
3356,IRIKIRIKIRIK,0
3357,GLPALISWSKRKRQQ,0
3358,KKIMRTFLRRISKKILTGKK,0
3359,AFHHIFRGIVHVGKTIHRLVTG,1
3360,EWGRRCCGWGPGRRYCVRWC,0
3361,PEEMNKYLTALRHYINLVTRQRY,0
3362,KRFKKFFKKLKNSVKKRAKKFFKK,0
3363,FLRFAGSVIHGAGHLVHHIGVAL,0
3364,GKLWGLKGKLWGLKGKLWGLK,0
3365,LKKLLKKL,0
3366,FVKLKKILNIILSIFKK,1
3367,GFMKYIGPLIPHAVKAISKLI,1
3368,IKWKKLLRAAKRIL,1
3369,GSTSFHLIYNKWFAVKRRRKR,0
3370,GLFGKLQKKFGRKAISYAVKKARGKH,1
3371,FRIRVRVFKRIVQRIKDFLR,0
3372,KWKLFKKIFKRIVQRIKDFLRN,1
3373,VNWKKILGKIIKVAK,1
3374,KRRLIARILRLAIRALVKKR,0
3375,RIIDLLWRVRRPQKPKFVTVAVR,0
3376,GVFDIIKDAGKQLVAHAMGKIAEKV,0
3377,ALYKKIIKKLLESAKKLG,0
3378,EMLKKKKEVKMERKT,0
3379,NIQPPCRCC,0
3380,WWWLRRIW,1
3381,KIGKALGKALKALGKALGKA,1
3382,LRFARRALRRLF,0
3383,GFREKHFQRFVKYAVPESTLR,0
3384,KLKKLFKKLQ,0
3385,LNLKGLIKKVASLLN,0
3386,GIGKFIHAVKKWGKTFIGEIAKS,0
3387,SGKLWWRRKK,0
3388,GIKHILFMAKTKLPRATCTAEIKENCDRKK,0
3389,FLALIGRVLSGIL,1
3390,KMWSKILGHLIR,1
3391,FFRRFFRRFFRRFFRR,1
3392,IKLSPETKDNLKKVLKGAIKGAIAVAKMV,1
3393,WSPQEEDRIIEGGI,1
3394,AKLWLKA,0
3395,KARQWQWKIRRTWPIFAIRR,0
3396,FLPIVAGLAANFLPKIVCKITKKC,1
3397,GIHDILKAGKPS,0
3398,GLVGTLLGHIGKAILG,1
3399,SGKLWWRRKK,0
3400,IDWSKIFEKVKNLV,1
3401,GTGLPMSERRKIMLMMR,1
3402,GFLSILKKVLGKVMAHMK,1
3403,GLMDTVKNAAKNLAGQLLDRLKCKITGC,1
3404,FRKLFRVYSNFLRGKLKL,1
3405,KWKVFKKIEKMGRNIRNGIVK,0
3406,DIGKYCGYAHALN,0
3407,WLLKKLLKKW,1
3408,RKKTRKR,0
3409,VNWKKILGKIIKVVK,1
3410,INLKILARLAKKIL,1
3411,GLPLLISWIKRKRQQ,0
3412,FPVTWRTKWWKG,1
3413,FLPIIAGAAAKVVQKIFCAISKKC,1
3414,LLPIVGNLLKSLLGWKRKRFG,0
3415,KIAGKIAKIAGKIAKIAGK,0
3416,GLLKRIKKLL,0
3417,KRFIKWYKAWNKKWRKY,0
3418,MESQSNAVQLMLGFGTFVLMLLGLVVELIKNSNKK,0
3419,FLSIIAKVLGSLF,1
3420,ISQSDAILSAIWSGIKSLF,1
3421,IHFKWRRWKFHI,0
3422,GLLDTLKGAAKNVVGSLASKVMEKL,0
3423,GLLDTFKNLALALNAAKSAGVLNSLSCKLSKTC,1
3424,GRFKRFRKKFKKLFKKLS,0
3425,IGLRGLGRKIALIHKKYG,0
3426,KKLFKKILKYLGIGAVLKVLTTGLKDEL,1
3427,RRFRFFFRFRR,0
3428,KKKKKKALFAAWAAFLA,0
3429,KFHHIFRGIKHVGKTIHRLVTG,0
3430,GVVDILKGAAKDIAGHLASKVMAKL,0
3431,RKKKLKFFKRLF,0
3432,KWKSFLKTFKSAKKTGLHTALKAISS,0
3433,FRRFFKWPRRPFKFF,0
3434,FLPAIVGAAAKFLPKIFCAISKKC,1
3435,GLPRKILCAIAKKKGKCKGPLKLVCKC,0
3436,WCPPMIPLCSRF,0
3437,SFKKFWGGVKAIFKGARKGWK,1
3438,FFKKFWGGVKAIFKGARKGWK,1
3439,INWKGIAAMAKKLA,0
3440,KIAGKIASIAGKIAKIAGKIAKIA,1
3441,VNWKKVLGKIIKVAK,1
3442,GLLKIIKTLL,1
3443,SKVWRHW,0
3444,IFGAIWNGIKSLF,1
3445,VCGETCEGGTCNTPGCSCSWPVCTRNGLP,1
3446,TRSSRAGLQWPVGRVHRLLRK,0
3447,GFFALIPKIISSPLFKTLLSAVGSALS,1
3448,VYWKKILGKIIKVVK,1
3449,KQLKKVSAVAKVAMKKGAALLKKMGVK,0
3450,RKKKFKIFKRLF,0
3451,KLAGLAKKWAGLAKKLAGLAK,0
3452,ELLKAVRLIK,0
3453,GGTIFDCGETCFLGTCYTPGCSCGNYGFCYGTN,0
3454,KWKSFIKKLTSKFLHSAKKF,0
3455,KEKLKLKCKAPKCYNDKLACT,0
3456,GLLKRIKTLA,0
3457,CGESCVWIPCLTSAIGCSCKSKVCYRNGIP,1
3458,KWKKLLKKLLKLLKKLL,1
3459,ILPLKLPLLPWRR,0
3460,GIPCAESCVWIPCTVTALVGCSCSDKVCYN,1
3461,GKGRWLERIGKAGGIIIGGALDHL,1
3462,FLGELWNVAKSVF,1
3463,FLFSLIPSAIAGLVSAIRN,1
3464,HFLLTLVNLAKKKL,0
3465,ILRWPWWPWRRK,0
3466,IFGLLLHGAIHVGKLIHGLVRRH,1
3467,KWKLWKKIEKWGQGIGAVLKWLTTWL,1
3468,VGVGGGFGR,0
3469,GIWKKWIKKWLKVLKNLF,1
3470,LLLKKFKKLQ,1
3471,WFKKLLKKALRLWKKVL,1
3472,FFHHIFRPIVHVAKTIHRLVTG,1
3473,IKKIIKKIIK,0
3474,SISCGESCAMISFCFTEVIGCSCKNKVCYLN,1
3475,KLAKGLAKWAKGLAKLAKGLA,0
3476,RGRKYYRRKK,0
3477,RLEKLFSKIQNDK,0
3478,KVLSKVHTLLKAVLAL,0
3479,ALWDTLLKKVLKAAAKAALNAVLVGANA,1
3480,GLPVCGETCFGGTCNTPGCSCTWPICTRD,1
3481,SVDMVMKGLKIWPL,0
3482,LCYARRRFAVCV,0
3483,WWRRWRRWW,0
3484,ALQGAKERAHQQ,0
3485,FLGAIAQALTSLLGKL,1
3486,GILDTLKQFAKGVGKDLVKGAAQG,0
3487,FIKRIARLLRKIF,1
3488,GSLHGFMYKYLKNMVLTLF,0
3489,LLKLKFKKLQ,0
3490,GKLWLKGGKLWLKGGKLWLKG,0
3491,LLPWKWPWWKWRR,0
3492,KNLRRIIRKGIHIIKKYF,1
3493,PAICQRATATLGTVGSNTSGTTEIEACILL,1
3494,GFCWYVCVYRNGVRVCYRRCN,0
3495,KVFKRLEKLFSKIQNDK,0
3496,FGVLAKVAAHVVPAIAEHF,0
3497,IAPWKWPWWPWRR,1
3498,AARIILRDRFR,0
3499,LNLKALLAVAKKIL,1
3500,KFTIVFPHNQKGNWKNVPSNYHYCP,1
3501,KKWLKKWLK,0
3502,LRIIRRILRRLI,1
3503,ILGKIIKVVK,1
3504,KARRAVRWI,0
3505,LLGMIPLAISAISALSKL,1
3506,RIIRRIRRIIR,0
3507,FVDLKKIANIINSIFKK,0
3508,CVKVQVKVGSGVKVQVKVC,0
3509,KRRLILRILRLAIRALVKKR,1
3510,FVKLKKIANIINSIFKK,0
3511,GIIKKIIKKIIKKIIKKI,1
3512,ALWKTMLKKLGTM,1
3513,GILDTLKQFAKGVGKDLVKGAAQGV,0
3514,GKWWSLLKHILK,1
3515,LNWKAILKHIIK,1
3516,GLPRKILCAIAKKKGKCKGPLKLVCKC,0
3517,CVKVKVKVGSGVKVKVKVC,0
3518,KRRKLIKILKLIIKLIRKKR,1
3519,LISWIKRKRQQGIGAVLKVLTTGL,1
3520,GSPALISWIKRKRQQ,0
3521,KKFPWWWPFKK,0
3522,GVFLDALKKFAKGGMNAVLNPK,1
3523,VQWRIRVAVIRK,0
3524,LGRVDIHVWDGVYIRGR,0
3525,KFGKIVGKVLKQLKKVSAVAKVAMKKG,1
3526,GIWDTIKSMGKVFAGKILQNL,1
3527,KKLFKKILKYLAVAVVGQATQIAKKDEL,0
3528,GSLHGFMYKYLKNMVLNLF,0
3529,RRWWRWWR,0
3530,GFMKYIKPLIPHAVKAISKLI,1
3531,RCLPAGKTCVRGPMRVPCCGSCSQNKCT,0
3532,FLFSLIPHAIGGLISAFK,1
3533,GIIKKIIKKIIKKIIKKI,1
3534,LCYTFRGRFVCV,0
3535,LKAKSIVSWAKKVL,0
3536,ILPWKWPWWKWRR,1
3537,GALFKVASKVL,0
3538,GLPRKILAAIAKKKGKCKGPLKLVAKC,0
3539,GWGSIFKHGRHAAKHIGHAAVNHYL,1
3540,SRWPSPGRPRPFPGRPKPIFRPR,0
3541,LPKPPKPVSKMRMATPLLMQALPM,0
3542,FPLTCPTKWWKG,0
3543,FLGSLLGLVGKVVPTLFCKISKKC,1
3544,FLGALFKVASKVL,0
3545,SWLRDLWDWLCELLSDFK,0
3546,GVGKFLHSAKKFGQALASEIMKS,1
3547,RRLFRRILRWL,1
3548,INWSSIFEKVKNLV,1
3549,RHWRRFWH,0
3550,GIGKFLHSAKKPGKAFVGEIMNS,0
3551,FPVTWRWWKWWKG,1
3552,GFLDIVKGVGKVALGAVSKLF,1
3553,GVADILKGAAKDIAGHLASKVMNKL,0
3554,GLASTIGSLLGKFAKGGAQAFLQPK,1
3555,WLNALKKVFQGIHEAIKLIWNWVQ,1
3556,GLPVCGETCFGGTCNTPGCSCETWPVCSRN,1
3557,WEAKLAKALAKALAKHLAKALAKALKACEA,1
3558,RIKRFWPVVIRTVVA,0
3559,KWKLFKKIGIGKFL,0
3560,RGLRRLGRKIAHGVKKYGPTVLRIIRIAG,1
3561,FDWDSVLKGVEGFVRGYF,0
3562,SNGDGTLDAGSTCAPFYARA,0
3563,RKRAARLLKRLV,0
3564,FIHHIIGGLFHVGKSIHDLIR,1
3565,RGGRLCYCRRRFCVCV,1
3566,IKPIIKPIIKPIIKPIIKPIIKPIIKPI,0
3567,RRFPWWWPFRR,1
3568,FVKLKKIANIINSIFKK,0
3569,IFGAILPLALGALKNLIK,1
3570,GLLKRIKTAL,0
3571,GILDSFKGVAKGVAKDLAGKLLDKLKCKITGC,1
3572,FIHHIIGGLFHVGKSIHDLIR,1
3573,LRALAKALKHKL,0
3574,KFFKKLKNSVKKRAKKFFKKPRVIGVSIPF,0
3575,FLPIVENCSLVCWENNQKC,0
3576,FLKGIVGKLGKLF,0
3577,VKWRWKWKWRWKWKWKV,1
3578,GLKEIFKAGLGSLVKGIAAHVAS,1
3579,ILGAVWNGVKSLF,0
3580,KWKSFLKTFKSPVKTVFYTALKPISS,1
3581,KWLRWVRRRWW,0
3582,WKRRIKIWKKIR,1
3583,PRPPHPPRPPHPPRPPHPRL,0
3584,AWLDKLKSLGKVVG,0
3585,NLCASLRARHTIPQCKKFGRR,0
3586,FDIMGLIKKVAGAL,1
3587,KIAGKIAAIAGKIAKIAGKIAK,1
3588,RWKIFKKIEKMGRNIRDGIVKAGPAIEVLGSAKAI,0
3589,IISTIGDLVKWIIDTVNKFTKK,1
3590,GIGRFLHSARRFGRAFVGEIMNS,1
3591,GWKKWFTKGERLSQRHFA,1
3592,GFRKIVQKIRDFLRNLV,1
3593,RILRGVSRRIMRRILTGRR,0
3594,AWKVFKRLGIGAVLWVLTWG,1
3595,VNWKKILGKIIKVVK,1
3596,VWRHWRRFWHR,0
3597,MLLKKLLKKM,0
3598,FRIRVRVKWKLFKKI,0
3599,KKKKKKAAWAAWAAWAA,0
3600,RPAWLKAAFRVMRACV,1
3601,KRRLILRILRLAIRILVKKR,0
3602,GRKKRRQRRRPWQ,0
3603,ILLKKLLKKI,0
3604,KKWRKWLKALAKK,0
3605,KIAGKIAKKAGKIAKIA,0
3606,PKLLKTFLKWIG,1
3607,RWKIFKKAAKKG,0
3608,GFLSILKKVLKVMAHMK,1
3609,ACGILHDNCVYVPAQNPCCRGLQCRYGKCLVQV,0
3610,GLKEIFKAGLGSLVKGIAAHVAS,1
3611,KKFPWWWPFKK,0
3612,SLSRYAKLANRLANPKLLETFLSKWIG,1
3613,KLKKLLKKLLKL,0
3614,FLPVLAGLTPSIVPKLVCLLTKKC,1
3615,LLKWLKK,0
3616,KRRWPWWPWRLI,0
3617,RKWVWWRNR,0
3618,LPKVMAHMK,1
3619,GFMKYIGPLIPHKVKAISDLI,0
3620,INLKAIAALVKKLL,0
3621,GIWKTIKSMGKVFAGKILQNL,1
3622,RVVRQWPIGRVVRRVVRRVVRL,0
3623,NLLNDALGTVNGLLGRS,1
3624,MASRAARLAARLARLALRAL,0
3625,VNWKKVLPKIIKVAK,1
3626,GLNALKKVFQGIHEAFKLINNHVQ,1
3627,FVDLKKIANIINSIFKK,0
3628,GLLGPLLKIAKKVGSNLL,0
3629,GLLLDTVKGAAKNVAGILLNKLKCKMTGDC,0
3630,GLLGPLLKIAAKVGKKLL,1
3631,LKLKNIVSWAKKVL,0
3632,GIGGALLNVGKVALKGLAKGLAEHFAN,1
3633,ILGPVLGLVSNALGGLL,0
3634,GMWSKIKNAGKAAKAAAKAAGKAALGAVSEAM,0
3635,GKLGPLLKIAAKVGSNLL,0
3636,HFLGTLVNLAKKIK,0
3637,GKWMKLLKHILK,1
3638,FIKIFHHIFKGNPKFSIIK,1
3639,GRPNPVPNPKPPHPRL,0
3640,GLAKGIKEAAKALDKAL,0
3641,RIGVLLARLPKLFSLFKLMGKKV,1
3642,FILGKLWKGVKSIF,1
3643,EWGRRCCGWGPGRRYCRRWC,0
3644,RLARIVVIRVAR,0
3645,HFLGTLVNKAKKIL,0
3646,GLNAFKKVFQGIHEAIKLINNHVQ,0
3647,GFKDLLKGAAKALVKTVKF,0
3648,RKKKLKIIKRLI,0
3649,LLKKLLKKC,0
3650,GWRTLLKKAEVKTVGKLALKHYL,1
3651,FIGALLRPALKLLA,0
3652,GLLKKIKKLL,0
3653,FKIKASKVLDKFGKIVGKVLKQLKKVSAVAKV,1
3654,KKLLKWLKKLL,0
3655,PVCTRNGLPVCGETCVGGTCNTPGCTCSW,1
3656,KKTWWKTWWTKWSQP,0
3657,ASITHVKNRGKYIYMHLKFRKTNVLI,0
3658,LKKLKFKLKQ,0
3659,WKKIRVRLSA,0
3660,FFHHIFRGIVHVGKTIHRLVTG,1
3661,FLFSLIPHAIGGLISAFK,1
3662,YGRKKRRQRRRSISLL,0
3663,GAGALAKFLAKKVAKTVAKQAAKQGAKYVVNKQME,1
3664,KWKLFKKIGAVLKVL,1
3665,FMGTALKIAANVLPAAFCKIFKKC,1
3666,LLKALKKLLKKLL,1
3667,VTLASHLPSDFTPAVHASLDKFLANVSTVLTSKYR,0
3668,GFLSILKKVLAKVMAHMK,1
3669,GIRKWFKKAAHVGKEVGKVALNACL,1
3670,RICRIVVIRCIR,0
3671,RQIRIWFQNRRMRWRR,1
3672,KWLKKWLKWLKK,1
3673,GLLSGILGAGKHIVCGLSGLC,1
3674,ARIVQRIKDFLR,0
3675,QLKVDLWGTRSGIQPEQHSSGKSDVRRWRSRY,0
3676,ILGKLLKTAAKLLSNL,1
3677,GIHDILKYGKKS,0
3678,GVPCGESCVFIPCITGVIGCSCSSNVCYLN,1
3679,GSKKPVPIIYCNRRATGKCQRM,0
3680,FLGALWNVAKKVF,1
3681,GRFKRFRKKFKKAFKKASPVIPLLHL,0
3682,FKKALHLFKPIKKFLKWK,0
3683,FPVTWKWWKWWKG,0
3684,HFLLTKVNLAKKIL,0
3685,KLLKWLKKLLK,0
3686,GLLKAIKTLL,1
3687,IRPIIRPIIRPIIRPIIRPIIRPIIRPI,0
3688,LLLIVLRKK,0
3689,LKKKKFLLKQ,0
3690,GMWSKILGKLIR,1
3691,FLPLVTGLLSGLL,1
3692,ICGETCVGGTCNTPGCSCSWPVCTRNGLP,1
3693,GFWSSVWDGAKNVGTAIIKNAKVCVYAVCVSHK,1
3694,KWKSFLKTLKSPVKTVFYTALKPISS,1
3695,GFLEKLKTGAKDFASAFVNSIK,0
3696,GVVKVSRLKGESLRARL,0
3697,FWQRNIRKWR,0
3698,IKLSKETKKNLKKVLKGAIKGAIAVAKMV,1
3699,PPIVGSIPLGCG,0
3700,FFGKVLKLIRKIF,1
3701,VRRFPAAAPFLRR,0
3702,IHKFWRCRRRFCRWFKHI,0
3703,SMLAYVDKNDHINPPHSPRS,0
3704,RSMRLSFRARGYGFR,0
3705,GVVDILKGAAKDIAGHLASKVANKL,0
3706,TWLPAVIKIQAHWRGYRQRKIYL,0
3707,RLWLAIWRR,1
3708,FLPIAGKLLSGLSGLL,0
3709,FIKRIARLLRKIF,1
3710,KKLFKKILKYLAGPAGIGKFLHSAK,0
3711,KPPPWVPV,0
3712,IVRPPIRCKAAFC,0
3713,SVDMVMKGLKIWPL,0
3714,GILSSFKGVAKGVAKDLAGKLLETLKCKITGC,1
3715,ILPLKLPWLPLRR,0
3716,RVIEVVQGAYRAIRHIPRRIRQGLERIL,0
3717,FDWDSVLKGVEGFVRGYF,0
3718,FFHHIFRGIVHVGKTIHRLVTG,1
3719,KGIRGYKGGYKGAFKQTKY,0
3720,GFMKYIKPLIPHAVKAISKLI,1
3721,GFGMALRLLRRVL,1
3722,SFPFFPPGICKRLKRC,0
3723,FLPLVLGALSGILPKILGK,1
3724,KLKLKFLKKQ,0
3725,LRIIKKILKKLI,0
3726,FLPIVASLAANFLPKIICKITKKC,1
3727,EKALEKLIAIQKAIKGMLNGWFTGVGFRRKR,1
3728,QLKVDLWGTRSGIQPEQHSSGKSDVRRWRSRY,0
3729,FFPMLADLVSKIF,0
3730,KFLKKAKKFGKAFVKIL,0
3731,PPCRGIFCRRVGSSSAIARPGKTLSTFITV,0
3732,ILRWPWWPWRRK,0
3733,FLRSLLRGAKAIYRGARAGWRG,1
3734,IWSAIWSGIKGLL,1
3735,KWLRRPWRRWR,0
3736,KNLRRIIRKIIHIIKKYG,1
3737,GRFRRLRKKTRK,0
